"Time.s";"Vocalizing";"Looking";"Head";"Leg";"Hand_L";"Hand_R"
"1";0;"Voc_no";"Look_look";"Head_nod";"Leg_no";"Hand_L.obtou";"Hand_R.botou"
"2";1;"Voc_no";"Look_look";"Head_nod";"Leg_no";"Hand_L.obtou";"Hand_R.botou"
"3";2;"Voc_no";"Look_look";"Head_nod";"Leg_no";"Hand_L.obtou";"Hand_R.botou"
"4";3;"Voc_bch";"Look_look";"Head_nod";"Leg_no";"Hand_L.obtou";"Hand_R.botou"
"5";4;"Voc_bch";"Look_look";"Head_nod";"Leg_no";"Hand_L.obtou";"Hand_R.botou"
"6";5;"Voc_no";"Look_no";"Head_no";"Leg_no";"Hand_L.obtou";"Hand_R.botou"
"7";6;"Voc_no";"Look_no";"Head_no";"Leg_no";"Hand_L.obtou";"Hand_R.botou"
"8";7;"Voc_no";"Look_no";"Head_nod";"Leg_no";"Hand_L.obtou";"Hand_R.botou"
"9";8;"Voc_no";"Look_no";"Head_nod";"Leg_no";"Hand_L.obtou";"Hand_R.botou"
"10";9;"Voc_no";"Look_no";"Head_nod";"Leg_no";"Hand_L.obtou";"Hand_R.botou"
"11";10;"Voc_no";"Look_look";"Head_nod";"Leg_no";"Hand_L.obtou";"Hand_R.botou"
"12";11;"Voc_no";"Look_look";"Head_nod";"Leg_no";"Hand_L.obtou";"Hand_R.botou"
"13";12;"Voc_no";"Look_no";"Head_nod";"Leg_no";"Hand_L.obtou";"Hand_R.botou"
"14";13;"Voc_no";"Look_no";"Head_nod";"Leg_no";"Hand_L.obtou";"Hand_R.botou"
"15";14;"Voc_no";"Look_no";"Head_nod";"Leg_no";"Hand_L.obtou";"Hand_R.botou"
"16";15;"Voc_no";"Look_no";"Head_no";"Leg_no";"Hand_L.obtou";"Hand_R.botou"
"17";16;"Voc_no";"Look_look";"Head_other";"Leg_no";"Hand_L.obtou";"Hand_R.botou"
"18";17;"Voc_no";"Look_look";"Head_other";"Leg_no";"Hand_L.obtou";"Hand_R.botou"
"19";18;"Voc_no";"Look_look";"Head_other";"Leg_no";"Hand_L.obtou";"Hand_R.botou"
"20";19;"Voc_no";"Look_look";"Head_other";"Leg_no";"Hand_L.obtou";"Hand_R.botou"
"21";20;"Voc_no";"Look_look";"Head_nod";"Leg_no";"Hand_L.obtou";"Hand_R.botou"
"22";21;"Voc_no";"Look_look";"Head_nod";"Leg_no";"Hand_L.obtou";"Hand_R.botou"
"23";22;"Voc_bch";"Look_look";"Head_nod";"Leg_no";"Hand_L.obtou";"Hand_R.botou"
"24";23;"Voc_bch";"Look_no";"Head_nod";"Leg_no";"Hand_L.obtou";"Hand_R.botou"
"25";24;"Voc_no";"Look_no";"Head_no";"Leg_no";"Hand_L.obtou";"Hand_R.botou"
"26";25;"Voc_bch";"Look_no";"Head_nod";"Leg_no";"Hand_L.obtou";"Hand_R.botou"
"27";26;"Voc_bch";"Look_no";"Head_nod";"Leg_no";"Hand_L.obtou";"Hand_R.botou"
"28";27;"Voc_no";"Look_no";"Head_no";"Leg_no";"Hand_L.obtou";"Hand_R.botou"
"29";28;"Voc_bch";"Look_no";"Head_no";"Leg_no";"Hand_L.no";"Hand_R.botou"
"30";29;"Voc_bch";"Look_no";"Head_no";"Leg_no";"Hand_L.no";"Hand_R.botou"
"31";30;"Voc_no";"Look_no";"Head_no";"Leg_no";"Hand_L.no";"Hand_R.botou"
"32";31;"Voc_speak";"Look_no";"Head_no";"Leg_no";"Hand_L.no";"Hand_R.botou"
"33";32;"Voc_speak";"Look_look";"Head_no";"Leg_no";"Hand_L.no";"Hand_R.botou"
"34";33;"Voc_speak";"Look_look";"Head_other";"Leg_no";"Hand_L.no";"Hand_R.botou"
"35";34;"Voc_no";"Look_look";"Head_other";"Leg_no";"Hand_L.no";"Hand_R.botou"
"36";35;"Voc_no";"Look_look";"Head_other";"Leg_no";"Hand_L.no";"Hand_R.botou"
"37";36;"Voc_no";"Look_look";"Head_other";"Leg_no";"Hand_L.no";"Hand_R.gest"
"38";37;"Voc_no";"Look_look";"Head_other";"Leg_no";"Hand_L.no";"Hand_R.gest"
"39";38;"Voc_no";"Look_look";"Head_shake";"Leg_no";"Hand_L.no";"Hand_R.gest"
"40";39;"Voc_no";"Look_no";"Head_shake";"Leg_no";"Hand_L.no";"Hand_R.botou"
"41";40;"Voc_no";"Look_no";"Head_shake";"Leg_no";"Hand_L.no";"Hand_R.botou"
"42";41;"Voc_speak";"Look_no";"Head_no";"Leg_no";"Hand_L.no";"Hand_R.botou"
"43";42;"Voc_speak";"Look_no";"Head_no";"Leg_no";"Hand_L.no";"Hand_R.botou"
"44";43;"Voc_speak";"Look_look";"Head_no";"Leg_no";"Hand_L.no";"Hand_R.botou"
"45";44;"Voc_speak";"Look_look";"Head_other";"Leg_move";"Hand_L.no";"Hand_R.botou"
"46";45;"Voc_speak";"Look_look";"Head_other";"Leg_move";"Hand_L.no";"Hand_R.botou"
"47";46;"Voc_speak";"Look_look";"Head_other";"Leg_no";"Hand_L.no";"Hand_R.gest"
"48";47;"Voc_speak";"Look_look";"Head_other";"Leg_move";"Hand_L.no";"Hand_R.gest"
"49";48;"Voc_no";"Look_look";"Head_other";"Leg_move";"Hand_L.no";"Hand_R.gest"
"50";49;"Voc_no";"Look_look";"Head_no";"Leg_move";"Hand_L.no";"Hand_R.gest"
"51";50;"Voc_speak";"Look_look";"Head_other";"Leg_move";"Hand_L.no";"Hand_R.gest"
"52";51;"Voc_speak";"Look_look";"Head_other";"Leg_no";"Hand_L.no";"Hand_R.gest"
"53";52;"Voc_speak";"Look_look";"Head_nod";"Leg_no";"Hand_L.no";"Hand_R.gest"
"54";53;"Voc_speak";"Look_look";"Head_nod";"Leg_no";"Hand_L.no";"Hand_R.gest"
"55";54;"Voc_no";"Look_look";"Head_no";"Leg_no";"Hand_L.no";"Hand_R.gest"
"56";55;"Voc_no";"Look_look";"Head_other";"Leg_no";"Hand_L.no";"Hand_R.gest"
"57";56;"Voc_no";"Look_look";"Head_other";"Leg_no";"Hand_L.no";"Hand_R.gest"
"58";57;"Voc_no";"Look_look";"Head_nod";"Leg_no";"Hand_L.no";"Hand_R.gest"
"59";58;"Voc_no";"Look_look";"Head_nod";"Leg_no";"Hand_L.no";"Hand_R.gest"
"60";59;"Voc_no";"Look_look";"Head_no";"Leg_no";"Hand_L.no";"Hand_R.gest"
"61";60;"Voc_bch";"Look_look";"Head_nod";"Leg_no";"Hand_L.no";"Hand_R.gest"
"62";61;"Voc_bch";"Look_no";"Head_nod";"Leg_no";"Hand_L.no";"Hand_R.gest"
"63";62;"Voc_bch";"Look_no";"Head_nod";"Leg_no";"Hand_L.no";"Hand_R.botou"
"64";63;"Voc_bch";"Look_no";"Head_nod";"Leg_no";"Hand_L.no";"Hand_R.botou"
"65";64;"Voc_no";"Look_look";"Head_nod";"Leg_no";"Hand_L.no";"Hand_R.botou"
"66";65;"Voc_no";"Look_look";"Head_no";"Leg_no";"Hand_L.no";"Hand_R.botou"
"67";66;"Voc_no";"Look_no";"Head_other";"Leg_no";"Hand_L.no";"Hand_R.botou"
"68";67;"Voc_speak";"Look_no";"Head_other";"Leg_no";"Hand_L.no";"Hand_R.botou"
"69";68;"Voc_speak";"Look_look";"Head_other";"Leg_no";"Hand_L.no";"Hand_R.botou"
"70";69;"Voc_speak";"Look_look";"Head_other";"Leg_no";"Hand_L.no";"Hand_R.botou"
"71";70;"Voc_speak";"Look_no";"Head_other";"Leg_no";"Hand_L.no";"Hand_R.botou"
"72";71;"Voc_no";"Look_no";"Head_other";"Leg_no";"Hand_L.no";"Hand_R.botou"
"73";72;"Voc_no";"Look_no";"Head_no";"Leg_no";"Hand_L.no";"Hand_R.botou"
"74";73;"Voc_no";"Look_no";"Head_no";"Leg_no";"Hand_L.no";"Hand_R.botou"
"75";74;"Voc_speak";"Look_look";"Head_no";"Leg_no";"Hand_L.no";"Hand_R.botou"
"76";75;"Voc_speak";"Look_look";"Head_no";"Leg_no";"Hand_L.no";"Hand_R.botou"
"77";76;"Voc_speak";"Look_no";"Head_no";"Leg_no";"Hand_L.no";"Hand_R.botou"
"78";77;"Voc_speak";"Look_look";"Head_no";"Leg_no";"Hand_L.no";"Hand_R.botou"
"79";78;"Voc_no";"Look_look";"Head_no";"Leg_no";"Hand_L.no";"Hand_R.botou"
"80";79;"Voc_no";"Look_look";"Head_no";"Leg_no";"Hand_L.no";"Hand_R.botou"
"81";80;"Voc_speak";"Look_look";"Head_nod";"Leg_no";"Hand_L.no";"Hand_R.botou"
"82";81;"Voc_speak";"Look_look";"Head_shake";"Leg_move";"Hand_L.obtou";"Hand_R.botou"
"83";82;"Voc_speak";"Look_look";"Head_shake";"Leg_move";"Hand_L.obtou";"Hand_R.botou"
"84";83;"Voc_no";"Look_look";"Head_shake";"Leg_move";"Hand_L.obtou";"Hand_R.botou"
"85";84;"Voc_no";"Look_look";"Head_no";"Leg_move";"Hand_L.obtou";"Hand_R.botou"
"86";85;"Voc_no";"Look_look";"Head_no";"Leg_move";"Hand_L.obtou";"Hand_R.botou"
"87";86;"Voc_no";"Look_look";"Head_no";"Leg_no";"Hand_L.obtou";"Hand_R.botou"
"88";87;"Voc_no";"Look_look";"Head_no";"Leg_no";"Hand_L.no";"Hand_R.botou"
"89";88;"Voc_no";"Look_look";"Head_nod";"Leg_no";"Hand_L.no";"Hand_R.botou"
"90";89;"Voc_no";"Look_look";"Head_nod";"Leg_no";"Hand_L.no";"Hand_R.botou"
"91";90;"Voc_no";"Look_no";"Head_nod";"Leg_no";"Hand_L.no";"Hand_R.botou"
"92";91;"Voc_no";"Look_no";"Head_nod";"Leg_no";"Hand_L.no";"Hand_R.botou"
"93";92;"Voc_no";"Look_no";"Head_nod";"Leg_no";"Hand_L.no";"Hand_R.botou"
"94";93;"Voc_bch";"Look_no";"Head_nod";"Leg_no";"Hand_L.no";"Hand_R.botou"
"95";94;"Voc_bch";"Look_no";"Head_nod";"Leg_no";"Hand_L.no";"Hand_R.botou"
"96";95;"Voc_bch";"Look_look";"Head_nod";"Leg_no";"Hand_L.no";"Hand_R.botou"
"97";96;"Voc_no";"Look_look";"Head_nod";"Leg_no";"Hand_L.no";"Hand_R.botou"
"98";97;"Voc_no";"Look_look";"Head_nod";"Leg_no";"Hand_L.no";"Hand_R.botou"
"99";98;"Voc_no";"Look_look";"Head_nod";"Leg_no";"Hand_L.no";"Hand_R.botou"
"100";99;"Voc_no";"Look_look";"Head_nod";"Leg_no";"Hand_L.no";"Hand_R.botou"
"101";100;"Voc_bch";"Look_look";"Head_nod";"Leg_no";"Hand_L.no";"Hand_R.botou"
"102";101;"Voc_bch";"Look_look";"Head_no";"Leg_no";"Hand_L.no";"Hand_R.botou"
"103";102;"Voc_no";"Look_no";"Head_no";"Leg_no";"Hand_L.no";"Hand_R.botou"
"104";103;"Voc_no";"Look_look";"Head_other";"Leg_no";"Hand_L.no";"Hand_R.botou"
"105";104;"Voc_no";"Look_look";"Head_other";"Leg_no";"Hand_L.no";"Hand_R.botou"
"106";105;"Voc_no";"Look_look";"Head_other";"Leg_no";"Hand_L.no";"Hand_R.botou"
"107";106;"Voc_speak";"Look_look";"Head_other";"Leg_no";"Hand_L.no";"Hand_R.botou"
"108";107;"Voc_speak";"Look_look";"Head_other";"Leg_move";"Hand_L.no";"Hand_R.botou"
"109";108;"Voc_speak";"Look_no";"Head_other";"Leg_move";"Hand_L.no";"Hand_R.botou"
"110";109;"Voc_speak";"Look_no";"Head_other";"Leg_no";"Hand_L.no";"Hand_R.botou"
"111";110;"Voc_no";"Look_no";"Head_no";"Leg_no";"Hand_L.no";"Hand_R.botou"
"112";111;"Voc_no";"Look_look";"Head_no";"Leg_no";"Hand_L.no";"Hand_R.botou"
"113";112;"Voc_no";"Look_look";"Head_no";"Leg_no";"Hand_L.no";"Hand_R.botou"
"114";113;"Voc_no";"Look_no";"Head_no";"Leg_no";"Hand_L.no";"Hand_R.botou"
"115";114;"Voc_no";"Look_no";"Head_nod";"Leg_no";"Hand_L.no";"Hand_R.botou"
"116";115;"Voc_no";"Look_no";"Head_nod";"Leg_no";"Hand_L.no";"Hand_R.botou"
"117";116;"Voc_no";"Look_no";"Head_nod";"Leg_no";"Hand_L.no";"Hand_R.botou"
"118";117;"Voc_no";"Look_no";"Head_nod";"Leg_no";"Hand_L.no";"Hand_R.botou"
"119";118;"Voc_bch";"Look_no";"Head_nod";"Leg_no";"Hand_L.no";"Hand_R.botou"
"120";119;"Voc_bch";"Look_no";"Head_nod";"Leg_no";"Hand_L.no";"Hand_R.botou"
"121";120;"Voc_no";"Look_no";"Head_nod";"Leg_no";"Hand_L.no";"Hand_R.botou"
"122";121;"Voc_no";"Look_no";"Head_nod";"Leg_no";"Hand_L.no";"Hand_R.botou"
"123";122;"Voc_no";"Look_no";"Head_nod";"Leg_no";"Hand_L.no";"Hand_R.botou"
"124";123;"Voc_no";"Look_no";"Head_no";"Leg_no";"Hand_L.no";"Hand_R.botou"
"125";124;"Voc_no";"Look_look";"Head_nod";"Leg_no";"Hand_L.no";"Hand_R.botou"
"126";125;"Voc_bch";"Look_look";"Head_nod";"Leg_no";"Hand_L.no";"Hand_R.botou"
"127";126;"Voc_bch";"Look_no";"Head_nod";"Leg_no";"Hand_L.no";"Hand_R.botou"
"128";127;"Voc_no";"Look_no";"Head_nod";"Leg_no";"Hand_L.no";"Hand_R.botou"
"129";128;"Voc_no";"Look_no";"Head_nod";"Leg_no";"Hand_L.no";"Hand_R.botou"
"130";129;"Voc_no";"Look_look";"Head_no";"Leg_no";"Hand_L.no";"Hand_R.botou"
"131";130;"Voc_bch";"Look_look";"Head_no";"Leg_no";"Hand_L.no";"Hand_R.botou"
"132";131;"Voc_bch";"Look_look";"Head_no";"Leg_no";"Hand_L.no";"Hand_R.botou"
"133";132;"Voc_bch";"Look_look";"Head_no";"Leg_no";"Hand_L.no";"Hand_R.botou"
"134";133;"Voc_bch";"Look_no";"Head_no";"Leg_no";"Hand_L.no";"Hand_R.botou"
"135";134;"Voc_no";"Look_no";"Head_no";"Leg_no";"Hand_L.no";"Hand_R.botou"
"136";135;"Voc_no";"Look_no";"Head_no";"Leg_no";"Hand_L.no";"Hand_R.botou"
"137";136;"Voc_no";"Look_no";"Head_no";"Leg_no";"Hand_L.no";"Hand_R.botou"
"138";137;"Voc_no";"Look_no";"Head_no";"Leg_no";"Hand_L.no";"Hand_R.botou"
"139";138;"Voc_no";"Look_no";"Head_no";"Leg_move";"Hand_L.no";"Hand_R.botou"
"140";139;"Voc_speak";"Look_no";"Head_no";"Leg_move";"Hand_L.no";"Hand_R.botou"
"141";140;"Voc_speak";"Look_no";"Head_no";"Leg_no";"Hand_L.no";"Hand_R.botou"
"142";141;"Voc_speak";"Look_no";"Head_no";"Leg_no";"Hand_L.no";"Hand_R.botou"
"143";142;"Voc_no";"Look_no";"Head_no";"Leg_no";"Hand_L.no";"Hand_R.botou"
"144";143;"Voc_bch";"Look_no";"Head_no";"Leg_no";"Hand_L.no";"Hand_R.botou"
"145";144;"Voc_bch";"Look_no";"Head_no";"Leg_no";"Hand_L.no";"Hand_R.botou"
"146";145;"Voc_no";"Look_no";"Head_no";"Leg_no";"Hand_L.no";"Hand_R.botou"
"147";146;"Voc_speak";"Look_no";"Head_other";"Leg_no";"Hand_L.no";"Hand_R.botou"
"148";147;"Voc_speak";"Look_look";"Head_other";"Leg_move";"Hand_L.no";"Hand_R.botou"
"149";148;"Voc_speak";"Look_look";"Head_other";"Leg_move";"Hand_L.gest";"Hand_R.botou"
"150";149;"Voc_speak";"Look_look";"Head_other";"Leg_move";"Hand_L.gest";"Hand_R.botou"
"151";150;"Voc_speak";"Look_look";"Head_other";"Leg_move";"Hand_L.botou";"Hand_R.botou"
"152";151;"Voc_speak";"Look_look";"Head_other";"Leg_move";"Hand_L.gest";"Hand_R.botou"
"153";152;"Voc_speak";"Look_look";"Head_other";"Leg_move";"Hand_L.gest";"Hand_R.other"
"154";153;"Voc_speak";"Look_look";"Head_other";"Leg_move";"Hand_L.gest";"Hand_R.botou"
"155";154;"Voc_speak";"Look_look";"Head_other";"Leg_move";"Hand_L.gest";"Hand_R.botou"
"156";155;"Voc_speak";"Look_look";"Head_other";"Leg_move";"Hand_L.gest";"Hand_R.other"
"157";156;"Voc_speak";"Look_look";"Head_other";"Leg_no";"Hand_L.gest";"Hand_R.other"
"158";157;"Voc_speak";"Look_look";"Head_other";"Leg_no";"Hand_L.gest";"Hand_R.gest"
"159";158;"Voc_speak";"Look_look";"Head_other";"Leg_no";"Hand_L.botou";"Hand_R.gest"
"160";159;"Voc_speak";"Look_look";"Head_other";"Leg_no";"Hand_L.botou";"Hand_R.gest"
"161";160;"Voc_speak";"Look_look";"Head_other";"Leg_move";"Hand_L.botou";"Hand_R.gest"
"162";161;"Voc_speak";"Look_look";"Head_other";"Leg_move";"Hand_L.botou";"Hand_R.gest"
"163";162;"Voc_speak";"Look_look";"Head_other";"Leg_move";"Hand_L.botou";"Hand_R.other"
"164";163;"Voc_speak";"Look_look";"Head_other";"Leg_move";"Hand_L.botou";"Hand_R.other"
"165";164;"Voc_speak";"Look_look";"Head_other";"Leg_move";"Hand_L.botou";"Hand_R.gest"
"166";165;"Voc_speak";"Look_no";"Head_other";"Leg_move";"Hand_L.botou";"Hand_R.gest"
"167";166;"Voc_speak";"Look_look";"Head_other";"Leg_move";"Hand_L.botou";"Hand_R.gest"
"168";167;"Voc_speak";"Look_look";"Head_other";"Leg_no";"Hand_L.botou";"Hand_R.gest"
"169";168;"Voc_speak";"Look_look";"Head_other";"Leg_no";"Hand_L.botou";"Hand_R.gest"
"170";169;"Voc_speak";"Look_look";"Head_other";"Leg_no";"Hand_L.botou";"Hand_R.gest"
"171";170;"Voc_speak";"Look_no";"Head_other";"Leg_no";"Hand_L.botou";"Hand_R.gest"
"172";171;"Voc_speak";"Look_look";"Head_other";"Leg_no";"Hand_L.botou";"Hand_R.obtou"
"173";172;"Voc_speak";"Look_look";"Head_other";"Leg_no";"Hand_L.gest";"Hand_R.obtou"
"174";173;"Voc_speak";"Look_no";"Head_other";"Leg_no";"Hand_L.gest";"Hand_R.obtou"
"175";174;"Voc_speak";"Look_no";"Head_other";"Leg_no";"Hand_L.botou";"Hand_R.obtou"
"176";175;"Voc_speak";"Look_look";"Head_other";"Leg_no";"Hand_L.botou";"Hand_R.obtou"
"177";176;"Voc_speak";"Look_look";"Head_other";"Leg_no";"Hand_L.botou";"Hand_R.obtou"
"178";177;"Voc_speak";"Look_look";"Head_other";"Leg_no";"Hand_L.botou";"Hand_R.obtou"
"179";178;"Voc_speak";"Look_look";"Head_other";"Leg_no";"Hand_L.gest";"Hand_R.obtou"
"180";179;"Voc_speak";"Look_look";"Head_other";"Leg_no";"Hand_L.gest";"Hand_R.obtou"
"181";180;"Voc_speak";"Look_look";"Head_other";"Leg_no";"Hand_L.botou";"Hand_R.obtou"
"182";181;"Voc_speak";"Look_look";"Head_other";"Leg_no";"Hand_L.botou";"Hand_R.obtou"
"183";182;"Voc_speak";"Look_look";"Head_other";"Leg_no";"Hand_L.botou";"Hand_R.obtou"
"184";183;"Voc_speak";"Look_look";"Head_other";"Leg_no";"Hand_L.botou";"Hand_R.obtou"
"185";184;"Voc_speak";"Look_look";"Head_other";"Leg_no";"Hand_L.botou";"Hand_R.obtou"
"186";185;"Voc_speak";"Look_look";"Head_other";"Leg_no";"Hand_L.botou";"Hand_R.obtou"
"187";186;"Voc_speak";"Look_no";"Head_other";"Leg_no";"Hand_L.obtou";"Hand_R.no"
"188";187;"Voc_speak";"Look_no";"Head_other";"Leg_no";"Hand_L.obtou";"Hand_R.botou"
"189";188;"Voc_speak";"Look_no";"Head_other";"Leg_no";"Hand_L.obtou";"Hand_R.botou"
"190";189;"Voc_speak";"Look_look";"Head_other";"Leg_no";"Hand_L.gest";"Hand_R.botou"
"191";190;"Voc_speak";"Look_look";"Head_other";"Leg_no";"Hand_L.gest";"Hand_R.other"
"192";191;"Voc_speak";"Look_look";"Head_other";"Leg_no";"Hand_L.gest";"Hand_R.other"
"193";192;"Voc_speak";"Look_look";"Head_other";"Leg_no";"Hand_L.gest";"Hand_R.other"
"194";193;"Voc_speak";"Look_look";"Head_other";"Leg_no";"Hand_L.gest";"Hand_R.botou"
"195";194;"Voc_speak";"Look_look";"Head_other";"Leg_no";"Hand_L.obtou";"Hand_R.botou"
"196";195;"Voc_speak";"Look_look";"Head_other";"Leg_no";"Hand_L.obtou";"Hand_R.botou"
"197";196;"Voc_speak";"Look_look";"Head_other";"Leg_no";"Hand_L.obtou";"Hand_R.botou"
"198";197;"Voc_speak";"Look_no";"Head_other";"Leg_no";"Hand_L.gest";"Hand_R.botou"
"199";198;"Voc_speak";"Look_no";"Head_other";"Leg_no";"Hand_L.gest";"Hand_R.botou"
"200";199;"Voc_speak";"Look_look";"Head_other";"Leg_no";"Hand_L.gest";"Hand_R.botou"
"201";200;"Voc_speak";"Look_look";"Head_other";"Leg_no";"Hand_L.gest";"Hand_R.botou"
"202";201;"Voc_speak";"Look_look";"Head_other";"Leg_no";"Hand_L.gest";"Hand_R.botou"
"203";202;"Voc_speak";"Look_look";"Head_other";"Leg_no";"Hand_L.gest";"Hand_R.other"
"204";203;"Voc_speak";"Look_look";"Head_other";"Leg_no";"Hand_L.gest";"Hand_R.other"
"205";204;"Voc_speak";"Look_look";"Head_other";"Leg_no";"Hand_L.gest";"Hand_R.other"
"206";205;"Voc_speak";"Look_look";"Head_other";"Leg_move";"Hand_L.obtou";"Hand_R.other"
"207";206;"Voc_speak";"Look_look";"Head_other";"Leg_move";"Hand_L.obtou";"Hand_R.other"
"208";207;"Voc_speak";"Look_look";"Head_other";"Leg_move";"Hand_L.obtou";"Hand_R.botou"
"209";208;"Voc_speak";"Look_look";"Head_other";"Leg_move";"Hand_L.obtou";"Hand_R.botou"
"210";209;"Voc_speak";"Look_look";"Head_other";"Leg_move";"Hand_L.obtou";"Hand_R.gest"
"211";210;"Voc_speak";"Look_look";"Head_other";"Leg_move";"Hand_L.obtou";"Hand_R.gest"
"212";211;"Voc_speak";"Look_look";"Head_other";"Leg_no";"Hand_L.obtou";"Hand_R.gest"
"213";212;"Voc_speak";"Look_look";"Head_other";"Leg_no";"Hand_L.obtou";"Hand_R.gest"
"214";213;"Voc_speak";"Look_look";"Head_other";"Leg_no";"Hand_L.obtou";"Hand_R.gest"
"215";214;"Voc_speak";"Look_look";"Head_other";"Leg_no";"Hand_L.obtou";"Hand_R.gest"
"216";215;"Voc_speak";"Look_look";"Head_other";"Leg_no";"Hand_L.obtou";"Hand_R.gest"
"217";216;"Voc_speak";"Look_look";"Head_other";"Leg_no";"Hand_L.obtou";"Hand_R.gest"
"218";217;"Voc_speak";"Look_look";"Head_other";"Leg_no";"Hand_L.no";"Hand_R.gest"
"219";218;"Voc_speak";"Look_look";"Head_other";"Leg_no";"Hand_L.no";"Hand_R.gest"
"220";219;"Voc_speak";"Look_look";"Head_other";"Leg_no";"Hand_L.no";"Hand_R.gest"
"221";220;"Voc_speak";"Look_look";"Head_other";"Leg_no";"Hand_L.no";"Hand_R.gest"
"222";221;"Voc_speak";"Look_look";"Head_other";"Leg_no";"Hand_L.no";"Hand_R.gest"
"223";222;"Voc_speak";"Look_look";"Head_other";"Leg_no";"Hand_L.no";"Hand_R.gest"
"224";223;"Voc_speak";"Look_look";"Head_other";"Leg_no";"Hand_L.no";"Hand_R.gest"
"225";224;"Voc_speak";"Look_look";"Head_other";"Leg_no";"Hand_L.no";"Hand_R.gest"
"226";225;"Voc_speak";"Look_look";"Head_other";"Leg_no";"Hand_L.no";"Hand_R.gest"
"227";226;"Voc_speak";"Look_look";"Head_other";"Leg_no";"Hand_L.no";"Hand_R.gest"
"228";227;"Voc_speak";"Look_look";"Head_other";"Leg_no";"Hand_L.no";"Hand_R.gest"
"229";228;"Voc_speak";"Look_look";"Head_other";"Leg_no";"Hand_L.no";"Hand_R.gest"
"230";229;"Voc_speak";"Look_look";"Head_other";"Leg_no";"Hand_L.no";"Hand_R.gest"
"231";230;"Voc_bch";"Look_look";"Head_other";"Leg_no";"Hand_L.no";"Hand_R.gest"
"232";231;"Voc_bch";"Look_look";"Head_other";"Leg_no";"Hand_L.no";"Hand_R.gest"
"233";232;"Voc_no";"Look_look";"Head_other";"Leg_no";"Hand_L.no";"Hand_R.gest"
"234";233;"Voc_no";"Look_look";"Head_no";"Leg_no";"Hand_L.no";"Hand_R.gest"
"235";234;"Voc_no";"Look_look";"Head_no";"Leg_no";"Hand_L.no";"Hand_R.gest"
"236";235;"Voc_no";"Look_look";"Head_no";"Leg_no";"Hand_L.no";"Hand_R.gest"
"237";236;"Voc_no";"Look_look";"Head_other";"Leg_no";"Hand_L.no";"Hand_R.gest"
"238";237;"Voc_no";"Look_look";"Head_other";"Leg_no";"Hand_L.no";"Hand_R.gest"
"239";238;"Voc_no";"Look_look";"Head_nod";"Leg_no";"Hand_L.no";"Hand_R.gest"
"240";239;"Voc_no";"Look_look";"Head_nod";"Leg_no";"Hand_L.no";"Hand_R.gest"
"241";240;"Voc_bch";"Look_look";"Head_nod";"Leg_no";"Hand_L.no";"Hand_R.gest"
"242";241;"Voc_bch";"Look_no";"Head_nod";"Leg_no";"Hand_L.no";"Hand_R.gest"
"243";242;"Voc_speak";"Look_look";"Head_other";"Leg_no";"Hand_L.no";"Hand_R.gest"
"244";243;"Voc_speak";"Look_look";"Head_other";"Leg_no";"Hand_L.no";"Hand_R.gest"
"245";244;"Voc_speak";"Look_look";"Head_other";"Leg_no";"Hand_L.no";"Hand_R.gest"
"246";245;"Voc_speak";"Look_look";"Head_other";"Leg_no";"Hand_L.no";"Hand_R.gest"
"247";246;"Voc_speak";"Look_no";"Head_other";"Leg_no";"Hand_L.no";"Hand_R.gest"
"248";247;"Voc_speak";"Look_no";"Head_other";"Leg_no";"Hand_L.no";"Hand_R.gest"
"249";248;"Voc_speak";"Look_look";"Head_other";"Leg_no";"Hand_L.no";"Hand_R.gest"
"250";249;"Voc_speak";"Look_look";"Head_other";"Leg_no";"Hand_L.no";"Hand_R.gest"
"251";250;"Voc_speak";"Look_look";"Head_other";"Leg_no";"Hand_L.no";"Hand_R.gest"
"252";251;"Voc_speak";"Look_look";"Head_other";"Leg_no";"Hand_L.no";"Hand_R.gest"
"253";252;"Voc_speak";"Look_look";"Head_other";"Leg_no";"Hand_L.no";"Hand_R.gest"
"254";253;"Voc_speak";"Look_no";"Head_other";"Leg_no";"Hand_L.no";"Hand_R.gest"
"255";254;"Voc_speak";"Look_no";"Head_other";"Leg_no";"Hand_L.no";"Hand_R.gest"
"256";255;"Voc_speak";"Look_no";"Head_other";"Leg_no";"Hand_L.no";"Hand_R.gest"
"257";256;"Voc_speak";"Look_no";"Head_other";"Leg_no";"Hand_L.no";"Hand_R.gest"
"258";257;"Voc_speak";"Look_no";"Head_other";"Leg_no";"Hand_L.no";"Hand_R.gest"
"259";258;"Voc_speak";"Look_look";"Head_other";"Leg_no";"Hand_L.no";"Hand_R.gest"
"260";259;"Voc_speak";"Look_look";"Head_other";"Leg_no";"Hand_L.no";"Hand_R.gest"
"261";260;"Voc_speak";"Look_look";"Head_other";"Leg_no";"Hand_L.no";"Hand_R.gest"
"262";261;"Voc_speak";"Look_look";"Head_other";"Leg_no";"Hand_L.no";"Hand_R.gest"
"263";262;"Voc_speak";"Look_look";"Head_other";"Leg_move";"Hand_L.no";"Hand_R.gest"
"264";263;"Voc_speak";"Look_look";"Head_other";"Leg_move";"Hand_L.no";"Hand_R.gest"
"265";264;"Voc_speak";"Look_look";"Head_other";"Leg_move";"Hand_L.no";"Hand_R.other"
"266";265;"Voc_speak";"Look_look";"Head_other";"Leg_move";"Hand_L.no";"Hand_R.gest"
"267";266;"Voc_speak";"Look_look";"Head_other";"Leg_move";"Hand_L.no";"Hand_R.gest"
"268";267;"Voc_speak";"Look_no";"Head_other";"Leg_no";"Hand_L.no";"Hand_R.gest"
"269";268;"Voc_speak";"Look_look";"Head_other";"Leg_no";"Hand_L.no";"Hand_R.gest"
"270";269;"Voc_speak";"Look_look";"Head_other";"Leg_no";"Hand_L.no";"Hand_R.other"
"271";270;"Voc_speak";"Look_look";"Head_other";"Leg_no";"Hand_L.no";"Hand_R.other"
"272";271;"Voc_speak";"Look_look";"Head_other";"Leg_no";"Hand_L.no";"Hand_R.other"
"273";272;"Voc_speak";"Look_look";"Head_other";"Leg_no";"Hand_L.no";"Hand_R.other"
"274";273;"Voc_speak";"Look_look";"Head_other";"Leg_no";"Hand_L.no";"Hand_R.other"
"275";274;"Voc_speak";"Look_look";"Head_other";"Leg_no";"Hand_L.no";"Hand_R.other"
"276";275;"Voc_speak";"Look_look";"Head_other";"Leg_no";"Hand_L.no";"Hand_R.gest"
"277";276;"Voc_speak";"Look_look";"Head_other";"Leg_no";"Hand_L.no";"Hand_R.gest"
"278";277;"Voc_speak";"Look_look";"Head_other";"Leg_no";"Hand_L.no";"Hand_R.gest"
"279";278;"Voc_speak";"Look_look";"Head_other";"Leg_no";"Hand_L.no";"Hand_R.gest"
"280";279;"Voc_speak";"Look_look";"Head_other";"Leg_no";"Hand_L.no";"Hand_R.gest"
"281";280;"Voc_speak";"Look_look";"Head_other";"Leg_no";"Hand_L.no";"Hand_R.obtou"
"282";281;"Voc_speak";"Look_look";"Head_other";"Leg_no";"Hand_L.no";"Hand_R.gest"
"283";282;"Voc_speak";"Look_look";"Head_other";"Leg_no";"Hand_L.no";"Hand_R.gest"
"284";283;"Voc_speak";"Look_look";"Head_other";"Leg_no";"Hand_L.no";"Hand_R.gest"
"285";284;"Voc_speak";"Look_look";"Head_other";"Leg_no";"Hand_L.obtou";"Hand_R.gest"
"286";285;"Voc_speak";"Look_look";"Head_other";"Leg_no";"Hand_L.obtou";"Hand_R.gest"
"287";286;"Voc_speak";"Look_no";"Head_other";"Leg_no";"Hand_L.obtou";"Hand_R.gest"
"288";287;"Voc_speak";"Look_look";"Head_other";"Leg_no";"Hand_L.obtou";"Hand_R.botou"
"289";288;"Voc_speak";"Look_look";"Head_other";"Leg_no";"Hand_L.obtou";"Hand_R.botou"
"290";289;"Voc_speak";"Look_look";"Head_other";"Leg_move";"Hand_L.obtou";"Hand_R.botou"
"291";290;"Voc_speak";"Look_no";"Head_other";"Leg_move";"Hand_L.botou";"Hand_R.gest"
"292";291;"Voc_speak";"Look_look";"Head_other";"Leg_move";"Hand_L.botou";"Hand_R.gest"
"293";292;"Voc_speak";"Look_look";"Head_other";"Leg_move";"Hand_L.botou";"Hand_R.gest"
"294";293;"Voc_speak";"Look_look";"Head_other";"Leg_move";"Hand_L.botou";"Hand_R.gest"
"295";294;"Voc_speak";"Look_look";"Head_other";"Leg_move";"Hand_L.botou";"Hand_R.gest"
"296";295;"Voc_speak";"Look_look";"Head_other";"Leg_move";"Hand_L.gest";"Hand_R.gest"
"297";296;"Voc_speak";"Look_look";"Head_other";"Leg_no";"Hand_L.gest";"Hand_R.gest"
"298";297;"Voc_speak";"Look_look";"Head_other";"Leg_no";"Hand_L.gest";"Hand_R.obtou"
"299";298;"Voc_speak";"Look_look";"Head_other";"Leg_no";"Hand_L.botou";"Hand_R.obtou"
"300";299;"Voc_speak";"Look_look";"Head_other";"Leg_no";"Hand_L.botou";"Hand_R.obtou"
"301";300;"Voc_speak";"Look_look";"Head_other";"Leg_no";"Hand_L.botou";"Hand_R.obtou"
"302";301;"Voc_speak";"Look_look";"Head_other";"Leg_no";"Hand_L.botou";"Hand_R.obtou"
"303";302;"Voc_speak";"Look_look";"Head_other";"Leg_no";"Hand_L.botou";"Hand_R.obtou"
"304";303;"Voc_speak";"Look_look";"Head_other";"Leg_no";"Hand_L.botou";"Hand_R.obtou"
"305";304;"Voc_speak";"Look_no";"Head_other";"Leg_no";"Hand_L.botou";"Hand_R.obtou"
"306";305;"Voc_speak";"Look_look";"Head_other";"Leg_no";"Hand_L.botou";"Hand_R.obtou"
"307";306;"Voc_speak";"Look_look";"Head_other";"Leg_no";"Hand_L.botou";"Hand_R.botou"
"308";307;"Voc_speak";"Look_look";"Head_other";"Leg_no";"Hand_L.botou";"Hand_R.botou"
"309";308;"Voc_speak";"Look_look";"Head_other";"Leg_no";"Hand_L.botou";"Hand_R.botou"
"310";309;"Voc_speak";"Look_look";"Head_other";"Leg_no";"Hand_L.botou";"Hand_R.botou"
"311";310;"Voc_speak";"Look_look";"Head_other";"Leg_no";"Hand_L.botou";"Hand_R.botou"
"312";311;"Voc_speak";"Look_look";"Head_other";"Leg_no";"Hand_L.botou";"Hand_R.obtou"
"313";312;"Voc_speak";"Look_look";"Head_other";"Leg_no";"Hand_L.botou";"Hand_R.obtou"
"314";313;"Voc_speak";"Look_look";"Head_other";"Leg_no";"Hand_L.botou";"Hand_R.obtou"
"315";314;"Voc_speak";"Look_look";"Head_other";"Leg_no";"Hand_L.no";"Hand_R.obtou"
"316";315;"Voc_speak";"Look_look";"Head_no";"Leg_no";"Hand_L.no";"Hand_R.obtou"
"317";316;"Voc_no";"Look_look";"Head_nod";"Leg_no";"Hand_L.no";"Hand_R.obtou"
"318";317;"Voc_bch";"Look_look";"Head_nod";"Leg_no";"Hand_L.no";"Hand_R.obtou"
"319";318;"Voc_bch";"Look_no";"Head_nod";"Leg_no";"Hand_L.no";"Hand_R.obtou"
"320";319;"Voc_speak";"Look_no";"Head_nod";"Leg_no";"Hand_L.no";"Hand_R.obtou"
"321";320;"Voc_speak";"Look_no";"Head_nod";"Leg_no";"Hand_L.no";"Hand_R.obtou"
"322";321;"Voc_speak";"Look_no";"Head_other";"Leg_no";"Hand_L.botou";"Hand_R.obtou"
"323";322;"Voc_speak";"Look_look";"Head_other";"Leg_no";"Hand_L.botou";"Hand_R.botou"
"324";323;"Voc_speak";"Look_look";"Head_other";"Leg_no";"Hand_L.botou";"Hand_R.botou"
"325";324;"Voc_speak";"Look_look";"Head_other";"Leg_no";"Hand_L.botou";"Hand_R.botou"
"326";325;"Voc_speak";"Look_look";"Head_other";"Leg_no";"Hand_L.botou";"Hand_R.botou"
"327";326;"Voc_speak";"Look_look";"Head_other";"Leg_no";"Hand_L.botou";"Hand_R.botou"
"328";327;"Voc_speak";"Look_look";"Head_other";"Leg_no";"Hand_L.botou";"Hand_R.botou"
"329";328;"Voc_speak";"Look_look";"Head_other";"Leg_no";"Hand_L.gest";"Hand_R.botou"
"330";329;"Voc_speak";"Look_look";"Head_other";"Leg_no";"Hand_L.gest";"Hand_R.botou"
"331";330;"Voc_speak";"Look_look";"Head_other";"Leg_no";"Hand_L.botou";"Hand_R.botou"
"332";331;"Voc_speak";"Look_look";"Head_other";"Leg_no";"Hand_L.botou";"Hand_R.botou"
"333";332;"Voc_speak";"Look_look";"Head_other";"Leg_no";"Hand_L.botou";"Hand_R.botou"
"334";333;"Voc_speak";"Look_look";"Head_other";"Leg_no";"Hand_L.botou";"Hand_R.obtou"
"335";334;"Voc_speak";"Look_look";"Head_other";"Leg_no";"Hand_L.botou";"Hand_R.obtou"
"336";335;"Voc_speak";"Look_look";"Head_other";"Leg_no";"Hand_L.botou";"Hand_R.obtou"
"337";336;"Voc_speak";"Look_look";"Head_other";"Leg_no";"Hand_L.botou";"Hand_R.obtou"
"338";337;"Voc_speak";"Look_look";"Head_other";"Leg_no";"Hand_L.gest";"Hand_R.obtou"
"339";338;"Voc_speak";"Look_look";"Head_other";"Leg_no";"Hand_L.gest";"Hand_R.other"
"340";339;"Voc_speak";"Look_look";"Head_other";"Leg_no";"Hand_L.gest";"Hand_R.other"
"341";340;"Voc_speak";"Look_look";"Head_other";"Leg_no";"Hand_L.gest";"Hand_R.other"
"342";341;"Voc_speak";"Look_look";"Head_other";"Leg_no";"Hand_L.botou";"Hand_R.other"
"343";342;"Voc_speak";"Look_look";"Head_other";"Leg_no";"Hand_L.botou";"Hand_R.botou"
"344";343;"Voc_speak";"Look_look";"Head_other";"Leg_no";"Hand_L.botou";"Hand_R.gest"
"345";344;"Voc_speak";"Look_look";"Head_other";"Leg_no";"Hand_L.botou";"Hand_R.gest"
"346";345;"Voc_speak";"Look_look";"Head_other";"Leg_no";"Hand_L.botou";"Hand_R.gest"
"347";346;"Voc_speak";"Look_look";"Head_other";"Leg_no";"Hand_L.gest";"Hand_R.gest"
"348";347;"Voc_speak";"Look_look";"Head_other";"Leg_no";"Hand_L.gest";"Hand_R.gest"
"349";348;"Voc_speak";"Look_look";"Head_other";"Leg_no";"Hand_L.botou";"Hand_R.gest"
"350";349;"Voc_speak";"Look_look";"Head_other";"Leg_no";"Hand_L.botou";"Hand_R.gest"
"351";350;"Voc_speak";"Look_look";"Head_other";"Leg_no";"Hand_L.gest";"Hand_R.gest"
"352";351;"Voc_speak";"Look_look";"Head_other";"Leg_no";"Hand_L.gest";"Hand_R.botou"
"353";352;"Voc_speak";"Look_no";"Head_other";"Leg_move";"Hand_L.gest";"Hand_R.botou"
"354";353;"Voc_speak";"Look_look";"Head_other";"Leg_move";"Hand_L.gest";"Hand_R.other"
"355";354;"Voc_speak";"Look_look";"Head_other";"Leg_move";"Hand_L.gest";"Hand_R.botou"
"356";355;"Voc_speak";"Look_look";"Head_other";"Leg_move";"Hand_L.obtou";"Hand_R.botou"
"357";356;"Voc_speak";"Look_look";"Head_other";"Leg_move";"Hand_L.obtou";"Hand_R.botou"
"358";357;"Voc_speak";"Look_look";"Head_other";"Leg_move";"Hand_L.obtou";"Hand_R.gest"
"359";358;"Voc_speak";"Look_look";"Head_other";"Leg_no";"Hand_L.obtou";"Hand_R.gest"
"360";359;"Voc_speak";"Look_look";"Head_other";"Leg_move";"Hand_L.obtou";"Hand_R.gest"
"361";360;"Voc_speak";"Look_look";"Head_other";"Leg_move";"Hand_L.obtou";"Hand_R.gest"
"362";361;"Voc_speak";"Look_no";"Head_other";"Leg_move";"Hand_L.obtou";"Hand_R.gest"
"363";362;"Voc_speak";"Look_look";"Head_other";"Leg_no";"Hand_L.obtou";"Hand_R.gest"
"364";363;"Voc_speak";"Look_look";"Head_other";"Leg_no";"Hand_L.obtou";"Hand_R.gest"
"365";364;"Voc_speak";"Look_look";"Head_other";"Leg_no";"Hand_L.obtou";"Hand_R.other"
"366";365;"Voc_speak";"Look_look";"Head_other";"Leg_no";"Hand_L.obtou";"Hand_R.gest"
"367";366;"Voc_speak";"Look_look";"Head_other";"Leg_no";"Hand_L.obtou";"Hand_R.gest"
"368";367;"Voc_speak";"Look_look";"Head_other";"Leg_no";"Hand_L.obtou";"Hand_R.gest"
"369";368;"Voc_speak";"Look_look";"Head_other";"Leg_no";"Hand_L.obtou";"Hand_R.other"
"370";369;"Voc_speak";"Look_look";"Head_other";"Leg_no";"Hand_L.no";"Hand_R.other"
"371";370;"Voc_speak";"Look_look";"Head_no";"Leg_no";"Hand_L.no";"Hand_R.gest"
"372";371;"Voc_speak";"Look_look";"Head_no";"Leg_no";"Hand_L.no";"Hand_R.gest"
"373";372;"Voc_speak";"Look_look";"Head_other";"Leg_no";"Hand_L.no";"Hand_R.other"
"374";373;"Voc_speak";"Look_look";"Head_other";"Leg_no";"Hand_L.no";"Hand_R.other"
"375";374;"Voc_speak";"Look_look";"Head_other";"Leg_no";"Hand_L.no";"Hand_R.gest"
"376";375;"Voc_speak";"Look_look";"Head_other";"Leg_no";"Hand_L.no";"Hand_R.gest"
"377";376;"Voc_speak";"Look_look";"Head_other";"Leg_no";"Hand_L.no";"Hand_R.gest"
"378";377;"Voc_speak";"Look_no";"Head_other";"Leg_no";"Hand_L.no";"Hand_R.gest"
"379";378;"Voc_speak";"Look_look";"Head_other";"Leg_no";"Hand_L.no";"Hand_R.gest"
"380";379;"Voc_speak";"Look_look";"Head_other";"Leg_no";"Hand_L.no";"Hand_R.gest"
"381";380;"Voc_speak";"Look_look";"Head_other";"Leg_no";"Hand_L.no";"Hand_R.gest"
"382";381;"Voc_speak";"Look_look";"Head_other";"Leg_no";"Hand_L.gest";"Hand_R.other"
"383";382;"Voc_speak";"Look_look";"Head_other";"Leg_no";"Hand_L.gest";"Hand_R.botou"
"384";383;"Voc_speak";"Look_look";"Head_other";"Leg_no";"Hand_L.gest";"Hand_R.botou"
"385";384;"Voc_speak";"Look_look";"Head_other";"Leg_no";"Hand_L.gest";"Hand_R.botou"
"386";385;"Voc_speak";"Look_look";"Head_other";"Leg_no";"Hand_L.gest";"Hand_R.other"
"387";386;"Voc_speak";"Look_look";"Head_other";"Leg_no";"Hand_L.gest";"Hand_R.other"
"388";387;"Voc_speak";"Look_look";"Head_other";"Leg_move";"Hand_L.obtou";"Hand_R.botou"
"389";388;"Voc_speak";"Look_look";"Head_other";"Leg_move";"Hand_L.obtou";"Hand_R.botou"
"390";389;"Voc_speak";"Look_no";"Head_other";"Leg_move";"Hand_L.obtou";"Hand_R.botou"
"391";390;"Voc_speak";"Look_look";"Head_other";"Leg_move";"Hand_L.obtou";"Hand_R.botou"
"392";391;"Voc_speak";"Look_look";"Head_other";"Leg_move";"Hand_L.obtou";"Hand_R.botou"
"393";392;"Voc_speak";"Look_look";"Head_other";"Leg_move";"Hand_L.obtou";"Hand_R.botou"
"394";393;"Voc_speak";"Look_look";"Head_other";"Leg_move";"Hand_L.obtou";"Hand_R.botou"
"395";394;"Voc_speak";"Look_look";"Head_other";"Leg_no";"Hand_L.obtou";"Hand_R.botou"
"396";395;"Voc_speak";"Look_look";"Head_other";"Leg_no";"Hand_L.obtou";"Hand_R.botou"
"397";396;"Voc_bch";"Look_no";"Head_other";"Leg_no";"Hand_L.obtou";"Hand_R.botou"
"398";397;"Voc_bch";"Look_no";"Head_no";"Leg_no";"Hand_L.obtou";"Hand_R.botou"
"399";398;"Voc_no";"Look_no";"Head_no";"Leg_no";"Hand_L.obtou";"Hand_R.botou"
"400";399;"Voc_no";"Look_no";"Head_no";"Leg_no";"Hand_L.obtou";"Hand_R.botou"
"401";400;"Voc_no";"Look_no";"Head_other";"Leg_no";"Hand_L.obtou";"Hand_R.botou"
"402";401;"Voc_speak";"Look_no";"Head_other";"Leg_no";"Hand_L.obtou";"Hand_R.botou"
"403";402;"Voc_speak";"Look_no";"Head_other";"Leg_no";"Hand_L.obtou";"Hand_R.botou"
"404";403;"Voc_speak";"Look_no";"Head_other";"Leg_no";"Hand_L.obtou";"Hand_R.botou"
"405";404;"Voc_speak";"Look_no";"Head_other";"Leg_no";"Hand_L.obtou";"Hand_R.gest"
"406";405;"Voc_speak";"Look_no";"Head_other";"Leg_no";"Hand_L.obtou";"Hand_R.gest"
"407";406;"Voc_speak";"Look_no";"Head_other";"Leg_no";"Hand_L.obtou";"Hand_R.gest"
"408";407;"Voc_speak";"Look_look";"Head_other";"Leg_no";"Hand_L.obtou";"Hand_R.gest"
"409";408;"Voc_speak";"Look_look";"Head_other";"Leg_no";"Hand_L.obtou";"Hand_R.gest"
"410";409;"Voc_speak";"Look_look";"Head_other";"Leg_no";"Hand_L.obtou";"Hand_R.gest"
"411";410;"Voc_speak";"Look_look";"Head_other";"Leg_no";"Hand_L.obtou";"Hand_R.gest"
"412";411;"Voc_speak";"Look_look";"Head_other";"Leg_no";"Hand_L.no";"Hand_R.gest"
"413";412;"Voc_speak";"Look_no";"Head_other";"Leg_no";"Hand_L.no";"Hand_R.obtou"
"414";413;"Voc_speak";"Look_no";"Head_other";"Leg_no";"Hand_L.no";"Hand_R.obtou"
"415";414;"Voc_speak";"Look_no";"Head_other";"Leg_no";"Hand_L.no";"Hand_R.obtou"
"416";415;"Voc_speak";"Look_no";"Head_other";"Leg_no";"Hand_L.no";"Hand_R.obtou"
"417";416;"Voc_speak";"Look_no";"Head_other";"Leg_no";"Hand_L.no";"Hand_R.obtou"
"418";417;"Voc_speak";"Look_no";"Head_other";"Leg_no";"Hand_L.no";"Hand_R.obtou"
"419";418;"Voc_speak";"Look_look";"Head_other";"Leg_no";"Hand_L.no";"Hand_R.obtou"
"420";419;"Voc_speak";"Look_look";"Head_other";"Leg_no";"Hand_L.no";"Hand_R.other"
"421";420;"Voc_speak";"Look_no";"Head_other";"Leg_no";"Hand_L.no";"Hand_R.other"
"422";421;"Voc_speak";"Look_look";"Head_other";"Leg_no";"Hand_L.no";"Hand_R.other"
"423";422;"Voc_speak";"Look_look";"Head_other";"Leg_no";"Hand_L.no";"Hand_R.other"
"424";423;"Voc_speak";"Look_look";"Head_other";"Leg_no";"Hand_L.no";"Hand_R.other"
"425";424;"Voc_speak";"Look_no";"Head_other";"Leg_no";"Hand_L.no";"Hand_R.other"
"426";425;"Voc_speak";"Look_no";"Head_other";"Leg_no";"Hand_L.no";"Hand_R.other"
"427";426;"Voc_speak";"Look_no";"Head_no";"Leg_no";"Hand_L.no";"Hand_R.botou"
"428";427;"Voc_no";"Look_no";"Head_no";"Leg_no";"Hand_L.no";"Hand_R.botou"
"429";428;"Voc_speak";"Look_no";"Head_other";"Leg_no";"Hand_L.no";"Hand_R.botou"
"430";429;"Voc_speak";"Look_look";"Head_other";"Leg_no";"Hand_L.no";"Hand_R.botou"
"431";430;"Voc_speak";"Look_look";"Head_other";"Leg_no";"Hand_L.no";"Hand_R.botou"
"432";431;"Voc_speak";"Look_look";"Head_other";"Leg_no";"Hand_L.no";"Hand_R.botou"
"433";432;"Voc_speak";"Look_look";"Head_other";"Leg_no";"Hand_L.no";"Hand_R.botou"
"434";433;"Voc_speak";"Look_look";"Head_other";"Leg_no";"Hand_L.no";"Hand_R.botou"
"435";434;"Voc_speak";"Look_look";"Head_other";"Leg_no";"Hand_L.no";"Hand_R.botou"
"436";435;"Voc_speak";"Look_look";"Head_other";"Leg_no";"Hand_L.obtou";"Hand_R.botou"
"437";436;"Voc_no";"Look_look";"Head_no";"Leg_no";"Hand_L.obtou";"Hand_R.botou"
"438";437;"Voc_no";"Look_look";"Head_no";"Leg_move";"Hand_L.obtou";"Hand_R.gest"
"439";438;"Voc_no";"Look_look";"Head_no";"Leg_move";"Hand_L.obtou";"Hand_R.gest"
"440";439;"Voc_no";"Look_look";"Head_no";"Leg_no";"Hand_L.obtou";"Hand_R.gest"
"441";440;"Voc_bch";"Look_look";"Head_nod";"Leg_no";"Hand_L.obtou";"Hand_R.gest"
"442";441;"Voc_bch";"Look_look";"Head_nod";"Leg_no";"Hand_L.no";"Hand_R.obtou"
"443";442;"Voc_no";"Look_look";"Head_nod";"Leg_no";"Hand_L.obtou";"Hand_R.botou"
"444";443;"Voc_no";"Look_look";"Head_nod";"Leg_no";"Hand_L.obtou";"Hand_R.botou"
"445";444;"Voc_no";"Look_no";"Head_nod";"Leg_no";"Hand_L.obtou";"Hand_R.botou"
"446";445;"Voc_no";"Look_no";"Head_no";"Leg_no";"Hand_L.obtou";"Hand_R.botou"
"447";446;"Voc_no";"Look_no";"Head_no";"Leg_no";"Hand_L.obtou";"Hand_R.botou"
"448";447;"Voc_bch";"Look_no";"Head_nod";"Leg_no";"Hand_L.obtou";"Hand_R.botou"
"449";448;"Voc_bch";"Look_no";"Head_nod";"Leg_no";"Hand_L.obtou";"Hand_R.botou"
"450";449;"Voc_no";"Look_no";"Head_nod";"Leg_no";"Hand_L.obtou";"Hand_R.botou"
"451";450;"Voc_no";"Look_no";"Head_nod";"Leg_no";"Hand_L.no";"Hand_R.botou"
"452";451;"Voc_no";"Look_no";"Head_no";"Leg_no";"Hand_L.no";"Hand_R.botou"
"453";452;"Voc_no";"Look_no";"Head_no";"Leg_no";"Hand_L.no";"Hand_R.botou"
"454";453;"Voc_no";"Look_no";"Head_no";"Leg_no";"Hand_L.no";"Hand_R.botou"
"455";454;"Voc_no";"Look_look";"Head_no";"Leg_no";"Hand_L.no";"Hand_R.botou"
"456";455;"Voc_no";"Look_look";"Head_no";"Leg_no";"Hand_L.obtou";"Hand_R.botou"
"457";456;"Voc_no";"Look_look";"Head_no";"Leg_no";"Hand_L.obtou";"Hand_R.botou"
"458";457;"Voc_no";"Look_look";"Head_no";"Leg_no";"Hand_L.obtou";"Hand_R.botou"
"459";458;"Voc_no";"Look_look";"Head_no";"Leg_no";"Hand_L.obtou";"Hand_R.botou"
"460";459;"Voc_no";"Look_look";"Head_no";"Leg_no";"Hand_L.obtou";"Hand_R.botou"
"461";460;"Voc_no";"Look_look";"Head_no";"Leg_no";"Hand_L.obtou";"Hand_R.botou"
"462";461;"Voc_no";"Look_look";"Head_no";"Leg_no";"Hand_L.obtou";"Hand_R.botou"
"463";462;"Voc_no";"Look_look";"Head_no";"Leg_no";"Hand_L.obtou";"Hand_R.botou"
"464";463;"Voc_no";"Look_look";"Head_no";"Leg_no";"Hand_L.obtou";"Hand_R.botou"
"465";464;"Voc_bch";"Look_look";"Head_nod";"Leg_no";"Hand_L.obtou";"Hand_R.botou"
"466";465;"Voc_bch";"Look_no";"Head_nod";"Leg_no";"Hand_L.obtou";"Hand_R.botou"
"467";466;"Voc_bch";"Look_look";"Head_nod";"Leg_no";"Hand_L.obtou";"Hand_R.botou"
"468";467;"Voc_no";"Look_look";"Head_nod";"Leg_no";"Hand_L.obtou";"Hand_R.botou"
"469";468;"Voc_no";"Look_no";"Head_nod";"Leg_no";"Hand_L.obtou";"Hand_R.botou"
"470";469;"Voc_no";"Look_no";"Head_nod";"Leg_no";"Hand_L.obtou";"Hand_R.botou"
"471";470;"Voc_speak";"Look_no";"Head_nod";"Leg_no";"Hand_L.obtou";"Hand_R.botou"
"472";471;"Voc_speak";"Look_no";"Head_nod";"Leg_no";"Hand_L.obtou";"Hand_R.botou"
"473";472;"Voc_bch";"Look_no";"Head_nod";"Leg_no";"Hand_L.obtou";"Hand_R.botou"
"474";473;"Voc_no";"Look_look";"Head_shake";"Leg_no";"Hand_L.obtou";"Hand_R.botou"
"475";474;"Voc_no";"Look_look";"Head_shake";"Leg_no";"Hand_L.obtou";"Hand_R.botou"
"476";475;"Voc_speak";"Look_look";"Head_other";"Leg_move";"Hand_L.obtou";"Hand_R.botou"
"477";476;"Voc_speak";"Look_look";"Head_other";"Leg_move";"Hand_L.obtou";"Hand_R.botou"
"478";477;"Voc_no";"Look_no";"Head_other";"Leg_move";"Hand_L.obtou";"Hand_R.botou"
"479";478;"Voc_no";"Look_no";"Head_no";"Leg_move";"Hand_L.obtou";"Hand_R.botou"
"480";479;"Voc_no";"Look_no";"Head_no";"Leg_no";"Hand_L.obtou";"Hand_R.botou"
"481";480;"Voc_no";"Look_no";"Head_no";"Leg_no";"Hand_L.obtou";"Hand_R.botou"
"482";481;"Voc_no";"Look_no";"Head_no";"Leg_no";"Hand_L.obtou";"Hand_R.botou"
"483";482;"Voc_speak";"Look_no";"Head_no";"Leg_no";"Hand_L.obtou";"Hand_R.botou"
"484";483;"Voc_speak";"Look_look";"Head_no";"Leg_no";"Hand_L.obtou";"Hand_R.botou"
"485";484;"Voc_speak";"Look_look";"Head_no";"Leg_no";"Hand_L.obtou";"Hand_R.botou"
"486";485;"Voc_speak";"Look_no";"Head_no";"Leg_no";"Hand_L.obtou";"Hand_R.botou"
"487";486;"Voc_speak";"Look_no";"Head_other";"Leg_no";"Hand_L.obtou";"Hand_R.botou"
"488";487;"Voc_speak";"Look_look";"Head_other";"Leg_no";"Hand_L.obtou";"Hand_R.botou"
"489";488;"Voc_speak";"Look_look";"Head_other";"Leg_no";"Hand_L.obtou";"Hand_R.other"
"490";489;"Voc_speak";"Look_look";"Head_other";"Leg_no";"Hand_L.obtou";"Hand_R.other"
"491";490;"Voc_speak";"Look_look";"Head_other";"Leg_no";"Hand_L.obtou";"Hand_R.botou"
"492";491;"Voc_speak";"Look_look";"Head_other";"Leg_no";"Hand_L.obtou";"Hand_R.botou"
"493";492;"Voc_speak";"Look_look";"Head_other";"Leg_no";"Hand_L.obtou";"Hand_R.botou"
"494";493;"Voc_speak";"Look_look";"Head_other";"Leg_no";"Hand_L.obtou";"Hand_R.botou"
"495";494;"Voc_speak";"Look_look";"Head_other";"Leg_no";"Hand_L.obtou";"Hand_R.botou"
"496";495;"Voc_speak";"Look_look";"Head_other";"Leg_no";"Hand_L.obtou";"Hand_R.botou"
"497";496;"Voc_speak";"Look_look";"Head_other";"Leg_no";"Hand_L.obtou";"Hand_R.botou"
"498";497;"Voc_speak";"Look_look";"Head_other";"Leg_no";"Hand_L.obtou";"Hand_R.botou"
"499";498;"Voc_speak";"Look_look";"Head_other";"Leg_no";"Hand_L.obtou";"Hand_R.botou"
"500";499;"Voc_speak";"Look_look";"Head_other";"Leg_no";"Hand_L.obtou";"Hand_R.botou"
"501";500;"Voc_no";"Look_look";"Head_no";"Leg_no";"Hand_L.obtou";"Hand_R.botou"
"502";501;"Voc_no";"Look_look";"Head_no";"Leg_no";"Hand_L.obtou";"Hand_R.botou"
"503";502;"Voc_no";"Look_look";"Head_no";"Leg_no";"Hand_L.obtou";"Hand_R.botou"
"504";503;"Voc_no";"Look_look";"Head_no";"Leg_no";"Hand_L.obtou";"Hand_R.botou"
"505";504;"Voc_no";"Look_look";"Head_no";"Leg_no";"Hand_L.obtou";"Hand_R.botou"
"506";505;"Voc_no";"Look_look";"Head_no";"Leg_no";"Hand_L.obtou";"Hand_R.botou"
"507";506;"Voc_no";"Look_look";"Head_no";"Leg_no";"Hand_L.obtou";"Hand_R.botou"
"508";507;"Voc_no";"Look_look";"Head_no";"Leg_no";"Hand_L.obtou";"Hand_R.botou"
"509";508;"Voc_no";"Look_look";"Head_no";"Leg_no";"Hand_L.obtou";"Hand_R.botou"
"510";509;"Voc_no";"Look_look";"Head_no";"Leg_no";"Hand_L.obtou";"Hand_R.botou"
"511";510;"Voc_no";"Look_look";"Head_no";"Leg_no";"Hand_L.obtou";"Hand_R.botou"
"512";511;"Voc_no";"Look_look";"Head_no";"Leg_no";"Hand_L.obtou";"Hand_R.botou"
"513";512;"Voc_no";"Look_look";"Head_no";"Leg_no";"Hand_L.obtou";"Hand_R.botou"
"514";513;"Voc_no";"Look_look";"Head_no";"Leg_no";"Hand_L.obtou";"Hand_R.botou"
"515";514;"Voc_no";"Look_look";"Head_no";"Leg_no";"Hand_L.obtou";"Hand_R.botou"
"516";515;"Voc_no";"Look_look";"Head_no";"Leg_no";"Hand_L.obtou";"Hand_R.botou"
"517";516;"Voc_no";"Look_look";"Head_no";"Leg_no";"Hand_L.obtou";"Hand_R.botou"
"518";517;"Voc_no";"Look_look";"Head_no";"Leg_no";"Hand_L.obtou";"Hand_R.botou"
"519";518;"Voc_no";"Look_look";"Head_no";"Leg_no";"Hand_L.obtou";"Hand_R.botou"
"520";519;"Voc_no";"Look_look";"Head_no";"Leg_no";"Hand_L.obtou";"Hand_R.botou"
"521";520;"Voc_no";"Look_look";"Head_no";"Leg_no";"Hand_L.obtou";"Hand_R.botou"
"522";521;"Voc_bch";"Look_look";"Head_nod";"Leg_no";"Hand_L.obtou";"Hand_R.botou"
"523";522;"Voc_bch";"Look_look";"Head_nod";"Leg_no";"Hand_L.obtou";"Hand_R.botou"
"524";523;"Voc_bch";"Look_look";"Head_nod";"Leg_no";"Hand_L.obtou";"Hand_R.botou"
"525";524;"Voc_bch";"Look_look";"Head_nod";"Leg_no";"Hand_L.obtou";"Hand_R.botou"
"526";525;"Voc_no";"Look_look";"Head_nod";"Leg_no";"Hand_L.obtou";"Hand_R.botou"
"527";526;"Voc_no";"Look_look";"Head_no";"Leg_no";"Hand_L.obtou";"Hand_R.botou"
"528";527;"Voc_no";"Look_look";"Head_no";"Leg_no";"Hand_L.obtou";"Hand_R.botou"
"529";528;"Voc_bch";"Look_look";"Head_nod";"Leg_no";"Hand_L.obtou";"Hand_R.botou"
"530";529;"Voc_bch";"Look_look";"Head_nod";"Leg_no";"Hand_L.obtou";"Hand_R.botou"
"531";530;"Voc_no";"Look_look";"Head_nod";"Leg_no";"Hand_L.obtou";"Hand_R.botou"
"532";531;"Voc_no";"Look_look";"Head_nod";"Leg_no";"Hand_L.obtou";"Hand_R.botou"
"533";532;"Voc_no";"Look_look";"Head_nod";"Leg_no";"Hand_L.obtou";"Hand_R.botou"
"534";533;"Voc_no";"Look_look";"Head_nod";"Leg_no";"Hand_L.obtou";"Hand_R.botou"
"535";534;"Voc_no";"Look_look";"Head_nod";"Leg_no";"Hand_L.obtou";"Hand_R.botou"
"536";535;"Voc_no";"Look_look";"Head_no";"Leg_no";"Hand_L.obtou";"Hand_R.botou"
"537";536;"Voc_no";"Look_look";"Head_no";"Leg_no";"Hand_L.obtou";"Hand_R.botou"
"538";537;"Voc_no";"Look_look";"Head_no";"Leg_no";"Hand_L.obtou";"Hand_R.botou"
"539";538;"Voc_no";"Look_look";"Head_nod";"Leg_no";"Hand_L.obtou";"Hand_R.botou"
"540";539;"Voc_no";"Look_look";"Head_nod";"Leg_no";"Hand_L.obtou";"Hand_R.gest"
"541";540;"Voc_no";"Look_no";"Head_nod";"Leg_no";"Hand_L.obtou";"Hand_R.gest"
"542";541;"Voc_no";"Look_no";"Head_other";"Leg_move";"Hand_L.obtou";"Hand_R.gest"
"543";542;"Voc_no";"Look_look";"Head_other";"Leg_move";"Hand_L.obtou";"Hand_R.gest"
"544";543;"Voc_no";"Look_look";"Head_other";"Leg_move";"Hand_L.obtou";"Hand_R.gest"
"545";544;"Voc_no";"Look_look";"Head_no";"Leg_move";"Hand_L.obtou";"Hand_R.gest"
"546";545;"Voc_no";"Look_look";"Head_nod";"Leg_move";"Hand_L.obtou";"Hand_R.gest"
"547";546;"Voc_no";"Look_look";"Head_nod";"Leg_move";"Hand_L.obtou";"Hand_R.gest"
"548";547;"Voc_no";"Look_no";"Head_nod";"Leg_no";"Hand_L.obtou";"Hand_R.botou"
"549";548;"Voc_no";"Look_no";"Head_no";"Leg_no";"Hand_L.obtou";"Hand_R.botou"
"550";549;"Voc_no";"Look_look";"Head_no";"Leg_no";"Hand_L.obtou";"Hand_R.botou"
"551";550;"Voc_no";"Look_look";"Head_no";"Leg_no";"Hand_L.obtou";"Hand_R.botou"
"552";551;"Voc_no";"Look_no";"Head_no";"Leg_no";"Hand_L.obtou";"Hand_R.botou"
"553";552;"Voc_no";"Look_no";"Head_no";"Leg_no";"Hand_L.obtou";"Hand_R.botou"
"554";553;"Voc_no";"Look_look";"Head_no";"Leg_no";"Hand_L.obtou";"Hand_R.botou"
"555";554;"Voc_no";"Look_look";"Head_nod";"Leg_no";"Hand_L.obtou";"Hand_R.botou"
"556";555;"Voc_no";"Look_look";"Head_nod";"Leg_no";"Hand_L.obtou";"Hand_R.botou"
"557";556;"Voc_no";"Look_look";"Head_no";"Leg_no";"Hand_L.obtou";"Hand_R.botou"
"558";557;"Voc_bch";"Look_look";"Head_nod";"Leg_no";"Hand_L.obtou";"Hand_R.botou"
"559";558;"Voc_bch";"Look_look";"Head_nod";"Leg_no";"Hand_L.obtou";"Hand_R.botou"
"560";559;"Voc_no";"Look_look";"Head_nod";"Leg_no";"Hand_L.obtou";"Hand_R.botou"
"561";560;"Voc_no";"Look_look";"Head_no";"Leg_no";"Hand_L.obtou";"Hand_R.botou"
"562";561;"Voc_no";"Look_look";"Head_no";"Leg_no";"Hand_L.obtou";"Hand_R.botou"
"563";562;"Voc_bch";"Look_no";"Head_nod";"Leg_no";"Hand_L.obtou";"Hand_R.botou"
"564";563;"Voc_bch";"Look_no";"Head_nod";"Leg_no";"Hand_L.obtou";"Hand_R.botou"
"565";564;"Voc_bch";"Look_no";"Head_nod";"Leg_no";"Hand_L.obtou";"Hand_R.botou"
"566";565;"Voc_bch";"Look_no";"Head_nod";"Leg_no";"Hand_L.obtou";"Hand_R.botou"
"567";566;"Voc_no";"Look_no";"Head_no";"Leg_no";"Hand_L.obtou";"Hand_R.botou"
"568";567;"Voc_no";"Look_no";"Head_no";"Leg_no";"Hand_L.obtou";"Hand_R.botou"
"569";568;"Voc_speak";"Look_look";"Head_no";"Leg_no";"Hand_L.obtou";"Hand_R.botou"
"570";569;"Voc_speak";"Look_look";"Head_other";"Leg_no";"Hand_L.obtou";"Hand_R.botou"
"571";570;"Voc_speak";"Look_look";"Head_other";"Leg_move";"Hand_L.obtou";"Hand_R.botou"
"572";571;"Voc_speak";"Look_look";"Head_other";"Leg_move";"Hand_L.obtou";"Hand_R.botou"
"573";572;"Voc_speak";"Look_look";"Head_other";"Leg_move";"Hand_L.obtou";"Hand_R.botou"
"574";573;"Voc_speak";"Look_look";"Head_other";"Leg_no";"Hand_L.obtou";"Hand_R.botou"
"575";574;"Voc_speak";"Look_look";"Head_other";"Leg_no";"Hand_L.obtou";"Hand_R.botou"
"576";575;"Voc_speak";"Look_look";"Head_other";"Leg_no";"Hand_L.obtou";"Hand_R.botou"
"577";576;"Voc_speak";"Look_look";"Head_no";"Leg_no";"Hand_L.obtou";"Hand_R.obtou"
"578";577;"Voc_no";"Look_look";"Head_nod";"Leg_no";"Hand_L.obtou";"Hand_R.obtou"
"579";578;"Voc_no";"Look_look";"Head_nod";"Leg_no";"Hand_L.obtou";"Hand_R.obtou"
"580";579;"Voc_no";"Look_look";"Head_nod";"Leg_no";"Hand_L.obtou";"Hand_R.obtou"
"581";580;"Voc_no";"Look_look";"Head_no";"Leg_no";"Hand_L.obtou";"Hand_R.botou"
"582";581;"Voc_no";"Look_look";"Head_no";"Leg_no";"Hand_L.obtou";"Hand_R.botou"
"583";582;"Voc_no";"Look_look";"Head_no";"Leg_no";"Hand_L.obtou";"Hand_R.botou"
"584";583;"Voc_bch";"Look_look";"Head_nod";"Leg_no";"Hand_L.obtou";"Hand_R.botou"
"585";584;"Voc_bch";"Look_look";"Head_nod";"Leg_no";"Hand_L.obtou";"Hand_R.botou"
"586";585;"Voc_bch";"Look_look";"Head_nod";"Leg_no";"Hand_L.obtou";"Hand_R.botou"
"587";586;"Voc_no";"Look_look";"Head_nod";"Leg_no";"Hand_L.obtou";"Hand_R.botou"
"588";587;"Voc_bch";"Look_look";"Head_nod";"Leg_no";"Hand_L.obtou";"Hand_R.botou"
"589";588;"Voc_bch";"Look_look";"Head_nod";"Leg_no";"Hand_L.obtou";"Hand_R.botou"
"590";589;"Voc_no";"Look_look";"Head_nod";"Leg_no";"Hand_L.obtou";"Hand_R.botou"
"591";590;"Voc_speak";"Look_no";"Head_nod";"Leg_no";"Hand_L.obtou";"Hand_R.botou"
"592";591;"Voc_speak";"Look_no";"Head_nod";"Leg_no";"Hand_L.obtou";"Hand_R.botou"
"593";592;"Voc_speak";"Look_no";"Head_nod";"Leg_no";"Hand_L.obtou";"Hand_R.botou"
"594";593;"Voc_speak";"Look_no";"Head_nod";"Leg_no";"Hand_L.obtou";"Hand_R.other"
"595";594;"Voc_speak";"Look_no";"Head_nod";"Leg_no";"Hand_L.obtou";"Hand_R.other"
"596";595;"Voc_speak";"Look_look";"Head_other";"Leg_no";"Hand_L.obtou";"Hand_R.other"
"597";596;"Voc_speak";"Look_look";"Head_other";"Leg_no";"Hand_L.obtou";"Hand_R.other"
"598";597;"Voc_speak";"Look_look";"Head_other";"Leg_no";"Hand_L.obtou";"Hand_R.other"
"599";598;"Voc_speak";"Look_look";"Head_nod";"Leg_no";"Hand_L.obtou";"Hand_R.other"
"600";599;"Voc_no";"Look_look";"Head_nod";"Leg_no";"Hand_L.obtou";"Hand_R.other"
"601";600;"Voc_no";"Look_look";"Head_nod";"Leg_no";"Hand_L.obtou";"Hand_R.other"
"602";601;"Voc_no";"Look_look";"Head_nod";"Leg_no";"Hand_L.obtou";"Hand_R.other"
"603";602;"Voc_speak";"Look_no";"Head_nod";"Leg_no";"Hand_L.obtou";"Hand_R.other"
"604";603;"Voc_speak";"Look_look";"Head_nod";"Leg_move";"Hand_L.obtou";"Hand_R.other"
"605";604;"Voc_speak";"Look_look";"Head_nod";"Leg_move";"Hand_L.obtou";"Hand_R.other"
"606";605;"Voc_speak";"Look_no";"Head_other";"Leg_no";"Hand_L.obtou";"Hand_R.botou"
"607";606;"Voc_speak";"Look_no";"Head_other";"Leg_no";"Hand_L.obtou";"Hand_R.botou"
"608";607;"Voc_speak";"Look_no";"Head_other";"Leg_no";"Hand_L.obtou";"Hand_R.botou"
"609";608;"Voc_no";"Look_no";"Head_no";"Leg_no";"Hand_L.obtou";"Hand_R.botou"
"610";609;"Voc_no";"Look_look";"Head_no";"Leg_no";"Hand_L.obtou";"Hand_R.botou"
"611";610;"Voc_no";"Look_look";"Head_no";"Leg_no";"Hand_L.obtou";"Hand_R.botou"
"612";611;"Voc_no";"Look_look";"Head_no";"Leg_no";"Hand_L.obtou";"Hand_R.botou"
"613";612;"Voc_no";"Look_look";"Head_no";"Leg_no";"Hand_L.obtou";"Hand_R.botou"
"614";613;"Voc_no";"Look_look";"Head_no";"Leg_no";"Hand_L.obtou";"Hand_R.botou"
"615";614;"Voc_no";"Look_look";"Head_no";"Leg_no";"Hand_L.obtou";"Hand_R.botou"
"616";615;"Voc_no";"Look_look";"Head_no";"Leg_no";"Hand_L.obtou";"Hand_R.botou"
"617";616;"Voc_no";"Look_look";"Head_no";"Leg_no";"Hand_L.obtou";"Hand_R.botou"
"618";617;"Voc_no";"Look_look";"Head_no";"Leg_no";"Hand_L.obtou";"Hand_R.botou"
"619";618;"Voc_no";"Look_look";"Head_other";"Leg_no";"Hand_L.obtou";"Hand_R.botou"
"620";619;"Voc_no";"Look_look";"Head_other";"Leg_no";"Hand_L.obtou";"Hand_R.botou"
"621";620;"Voc_no";"Look_no";"Head_other";"Leg_no";"Hand_L.obtou";"Hand_R.botou"
"622";621;"Voc_no";"Look_no";"Head_other";"Leg_no";"Hand_L.obtou";"Hand_R.botou"
"623";622;"Voc_no";"Look_no";"Head_other";"Leg_no";"Hand_L.obtou";"Hand_R.botou"
"624";623;"Voc_no";"Look_no";"Head_other";"Leg_no";"Hand_L.obtou";"Hand_R.botou"
"625";624;"Voc_no";"Look_look";"Head_other";"Leg_no";"Hand_L.obtou";"Hand_R.botou"
"626";625;"Voc_no";"Look_look";"Head_other";"Leg_no";"Hand_L.obtou";"Hand_R.botou"
"627";626;"Voc_no";"Look_no";"Head_other";"Leg_no";"Hand_L.obtou";"Hand_R.botou"
"628";627;"Voc_no";"Look_look";"Head_other";"Leg_no";"Hand_L.obtou";"Hand_R.botou"
"629";628;"Voc_no";"Look_look";"Head_other";"Leg_no";"Hand_L.obtou";"Hand_R.botou"
"630";629;"Voc_no";"Look_look";"Head_other";"Leg_no";"Hand_L.obtou";"Hand_R.botou"
"631";630;"Voc_no";"Look_look";"Head_no";"Leg_no";"Hand_L.obtou";"Hand_R.botou"
"632";631;"Voc_bch";"Look_look";"Head_nod";"Leg_no";"Hand_L.obtou";"Hand_R.botou"
"633";632;"Voc_bch";"Look_look";"Head_nod";"Leg_no";"Hand_L.obtou";"Hand_R.botou"
"634";633;"Voc_bch";"Look_look";"Head_nod";"Leg_no";"Hand_L.obtou";"Hand_R.botou"
"635";634;"Voc_no";"Look_no";"Head_nod";"Leg_no";"Hand_L.obtou";"Hand_R.botou"
"636";635;"Voc_no";"Look_no";"Head_nod";"Leg_no";"Hand_L.obtou";"Hand_R.botou"
"637";636;"Voc_no";"Look_no";"Head_nod";"Leg_no";"Hand_L.obtou";"Hand_R.botou"
"638";637;"Voc_no";"Look_no";"Head_nod";"Leg_no";"Hand_L.obtou";"Hand_R.botou"
"639";638;"Voc_no";"Look_no";"Head_no";"Leg_no";"Hand_L.obtou";"Hand_R.botou"
"640";639;"Voc_no";"Look_no";"Head_no";"Leg_no";"Hand_L.obtou";"Hand_R.botou"
"641";640;"Voc_no";"Look_look";"Head_no";"Leg_no";"Hand_L.obtou";"Hand_R.botou"
"642";641;"Voc_no";"Look_look";"Head_nod";"Leg_no";"Hand_L.obtou";"Hand_R.botou"
"643";642;"Voc_no";"Look_look";"Head_nod";"Leg_no";"Hand_L.obtou";"Hand_R.botou"
"644";643;"Voc_no";"Look_look";"Head_nod";"Leg_no";"Hand_L.obtou";"Hand_R.botou"
"645";644;"Voc_no";"Look_look";"Head_no";"Leg_no";"Hand_L.obtou";"Hand_R.botou"
"646";645;"Voc_no";"Look_look";"Head_no";"Leg_no";"Hand_L.obtou";"Hand_R.botou"
"647";646;"Voc_no";"Look_look";"Head_no";"Leg_no";"Hand_L.obtou";"Hand_R.botou"
"648";647;"Voc_no";"Look_look";"Head_no";"Leg_no";"Hand_L.obtou";"Hand_R.botou"
"649";648;"Voc_no";"Look_look";"Head_other";"Leg_no";"Hand_L.obtou";"Hand_R.botou"
"650";649;"Voc_no";"Look_look";"Head_other";"Leg_no";"Hand_L.obtou";"Hand_R.botou"
"651";650;"Voc_no";"Look_look";"Head_other";"Leg_no";"Hand_L.obtou";"Hand_R.botou"
"652";651;"Voc_bch";"Look_no";"Head_nod";"Leg_no";"Hand_L.obtou";"Hand_R.botou"
"653";652;"Voc_bch";"Look_no";"Head_nod";"Leg_no";"Hand_L.obtou";"Hand_R.botou"
"654";653;"Voc_bch";"Look_no";"Head_nod";"Leg_no";"Hand_L.obtou";"Hand_R.botou"
"655";654;"Voc_no";"Look_no";"Head_nod";"Leg_no";"Hand_L.obtou";"Hand_R.botou"
"656";655;"Voc_no";"Look_no";"Head_nod";"Leg_no";"Hand_L.obtou";"Hand_R.botou"
"657";656;"Voc_no";"Look_look";"Head_other";"Leg_no";"Hand_L.obtou";"Hand_R.botou"
"658";657;"Voc_no";"Look_look";"Head_nod";"Leg_no";"Hand_L.obtou";"Hand_R.botou"
"659";658;"Voc_no";"Look_no";"Head_nod";"Leg_no";"Hand_L.obtou";"Hand_R.botou"
"660";659;"Voc_no";"Look_no";"Head_nod";"Leg_no";"Hand_L.obtou";"Hand_R.botou"
"661";660;"Voc_no";"Look_look";"Head_nod";"Leg_no";"Hand_L.obtou";"Hand_R.botou"
"662";661;"Voc_no";"Look_look";"Head_nod";"Leg_no";"Hand_L.obtou";"Hand_R.botou"
"663";662;"Voc_no";"Look_look";"Head_nod";"Leg_no";"Hand_L.obtou";"Hand_R.botou"
"664";663;"Voc_no";"Look_look";"Head_nod";"Leg_no";"Hand_L.obtou";"Hand_R.botou"
"665";664;"Voc_no";"Look_look";"Head_nod";"Leg_move";"Hand_L.obtou";"Hand_R.botou"
"666";665;"Voc_no";"Look_look";"Head_no";"Leg_move";"Hand_L.obtou";"Hand_R.botou"
"667";666;"Voc_no";"Look_look";"Head_no";"Leg_move";"Hand_L.obtou";"Hand_R.botou"
"668";667;"Voc_no";"Look_look";"Head_no";"Leg_move";"Hand_L.obtou";"Hand_R.botou"
"669";668;"Voc_no";"Look_look";"Head_no";"Leg_move";"Hand_L.obtou";"Hand_R.botou"
"670";669;"Voc_bch";"Look_no";"Head_nod";"Leg_move";"Hand_L.obtou";"Hand_R.botou"
"671";670;"Voc_bch";"Look_look";"Head_nod";"Leg_move";"Hand_L.obtou";"Hand_R.botou"
"672";671;"Voc_bch";"Look_look";"Head_nod";"Leg_move";"Hand_L.obtou";"Hand_R.botou"
"673";672;"Voc_bch";"Look_look";"Head_nod";"Leg_move";"Hand_L.obtou";"Hand_R.botou"
"674";673;"Voc_no";"Look_look";"Head_nod";"Leg_move";"Hand_L.obtou";"Hand_R.botou"
"675";674;"Voc_no";"Look_no";"Head_nod";"Leg_move";"Hand_L.obtou";"Hand_R.botou"
"676";675;"Voc_no";"Look_no";"Head_nod";"Leg_move";"Hand_L.obtou";"Hand_R.botou"
"677";676;"Voc_no";"Look_no";"Head_nod";"Leg_no";"Hand_L.obtou";"Hand_R.botou"
"678";677;"Voc_no";"Look_no";"Head_nod";"Leg_no";"Hand_L.obtou";"Hand_R.botou"
"679";678;"Voc_no";"Look_no";"Head_nod";"Leg_no";"Hand_L.obtou";"Hand_R.botou"
"680";679;"Voc_no";"Look_look";"Head_nod";"Leg_move";"Hand_L.obtou";"Hand_R.botou"
"681";680;"Voc_no";"Look_look";"Head_nod";"Leg_move";"Hand_L.obtou";"Hand_R.botou"
"682";681;"Voc_no";"Look_look";"Head_other";"Leg_no";"Hand_L.obtou";"Hand_R.botou"
"683";682;"Voc_no";"Look_no";"Head_other";"Leg_no";"Hand_L.obtou";"Hand_R.botou"
"684";683;"Voc_no";"Look_no";"Head_no";"Leg_no";"Hand_L.obtou";"Hand_R.botou"
"685";684;"Voc_no";"Look_no";"Head_no";"Leg_no";"Hand_L.obtou";"Hand_R.botou"
"686";685;"Voc_bch";"Look_look";"Head_nod";"Leg_no";"Hand_L.obtou";"Hand_R.botou"
"687";686;"Voc_bch";"Look_look";"Head_nod";"Leg_no";"Hand_L.obtou";"Hand_R.botou"
"688";687;"Voc_speak";"Look_look";"Head_nod";"Leg_no";"Hand_L.obtou";"Hand_R.botou"
"689";688;"Voc_speak";"Look_look";"Head_nod";"Leg_no";"Hand_L.obtou";"Hand_R.botou"
"690";689;"Voc_speak";"Look_look";"Head_other";"Leg_no";"Hand_L.obtou";"Hand_R.botou"
"691";690;"Voc_speak";"Look_look";"Head_other";"Leg_move";"Hand_L.obtou";"Hand_R.other"
"692";691;"Voc_speak";"Look_look";"Head_other";"Leg_move";"Hand_L.obtou";"Hand_R.other"
"693";692;"Voc_speak";"Look_look";"Head_nod";"Leg_move";"Hand_L.obtou";"Hand_R.other"
"694";693;"Voc_no";"Look_no";"Head_nod";"Leg_move";"Hand_L.obtou";"Hand_R.other"
"695";694;"Voc_no";"Look_look";"Head_nod";"Leg_move";"Hand_L.obtou";"Hand_R.other"
"696";695;"Voc_no";"Look_look";"Head_nod";"Leg_move";"Hand_L.obtou";"Hand_R.botou"
"697";696;"Voc_no";"Look_no";"Head_nod";"Leg_no";"Hand_L.obtou";"Hand_R.botou"
"698";697;"Voc_no";"Look_look";"Head_nod";"Leg_no";"Hand_L.obtou";"Hand_R.botou"
"699";698;"Voc_no";"Look_look";"Head_nod";"Leg_no";"Hand_L.obtou";"Hand_R.gest"
"700";699;"Voc_no";"Look_look";"Head_no";"Leg_no";"Hand_L.obtou";"Hand_R.gest"
"701";700;"Voc_no";"Look_look";"Head_no";"Leg_no";"Hand_L.obtou";"Hand_R.gest"
"702";701;"Voc_no";"Look_look";"Head_nod";"Leg_no";"Hand_L.obtou";"Hand_R.gest"
"703";702;"Voc_no";"Look_look";"Head_nod";"Leg_no";"Hand_L.obtou";"Hand_R.gest"
"704";703;"Voc_no";"Look_look";"Head_nod";"Leg_no";"Hand_L.obtou";"Hand_R.gest"
"705";704;"Voc_bch";"Look_look";"Head_nod";"Leg_no";"Hand_L.obtou";"Hand_R.gest"
"706";705;"Voc_bch";"Look_look";"Head_no";"Leg_no";"Hand_L.obtou";"Hand_R.gest"
"707";706;"Voc_bch";"Look_look";"Head_nod";"Leg_no";"Hand_L.obtou";"Hand_R.gest"
"708";707;"Voc_no";"Look_look";"Head_nod";"Leg_no";"Hand_L.obtou";"Hand_R.gest"
"709";708;"Voc_no";"Look_look";"Head_nod";"Leg_no";"Hand_L.obtou";"Hand_R.gest"
"710";709;"Voc_no";"Look_look";"Head_nod";"Leg_no";"Hand_L.obtou";"Hand_R.gest"
"711";710;"Voc_no";"Look_look";"Head_nod";"Leg_no";"Hand_L.obtou";"Hand_R.gest"
"712";711;"Voc_no";"Look_look";"Head_nod";"Leg_no";"Hand_L.obtou";"Hand_R.gest"
"713";712;"Voc_no";"Look_look";"Head_nod";"Leg_no";"Hand_L.obtou";"Hand_R.gest"
"714";713;"Voc_no";"Look_look";"Head_nod";"Leg_no";"Hand_L.obtou";"Hand_R.gest"
"715";714;"Voc_no";"Look_no";"Head_nod";"Leg_no";"Hand_L.obtou";"Hand_R.gest"
"716";715;"Voc_no";"Look_no";"Head_nod";"Leg_no";"Hand_L.obtou";"Hand_R.obtou"
"717";716;"Voc_no";"Look_no";"Head_nod";"Leg_no";"Hand_L.obtou";"Hand_R.obtou"
"718";717;"Voc_no";"Look_no";"Head_nod";"Leg_no";"Hand_L.obtou";"Hand_R.obtou"
"719";718;"Voc_no";"Look_look";"Head_no";"Leg_no";"Hand_L.obtou";"Hand_R.obtou"
"720";719;"Voc_bch";"Look_look";"Head_no";"Leg_no";"Hand_L.obtou";"Hand_R.obtou"
"721";720;"Voc_speak";"Look_look";"Head_other";"Leg_no";"Hand_L.obtou";"Hand_R.botou"
"722";721;"Voc_speak";"Look_no";"Head_other";"Leg_no";"Hand_L.obtou";"Hand_R.botou"
"723";722;"Voc_speak";"Look_look";"Head_other";"Leg_no";"Hand_L.obtou";"Hand_R.botou"
"724";723;"Voc_speak";"Look_look";"Head_other";"Leg_no";"Hand_L.obtou";"Hand_R.botou"
"725";724;"Voc_speak";"Look_look";"Head_other";"Leg_move";"Hand_L.obtou";"Hand_R.gest"
"726";725;"Voc_speak";"Look_look";"Head_other";"Leg_move";"Hand_L.obtou";"Hand_R.gest"
"727";726;"Voc_speak";"Look_no";"Head_other";"Leg_move";"Hand_L.obtou";"Hand_R.botou"
"728";727;"Voc_no";"Look_no";"Head_other";"Leg_move";"Hand_L.obtou";"Hand_R.botou"
"729";728;"Voc_no";"Look_no";"Head_no";"Leg_no";"Hand_L.obtou";"Hand_R.botou"
"730";729;"Voc_no";"Look_no";"Head_no";"Leg_no";"Hand_L.obtou";"Hand_R.botou"
"731";730;"Voc_no";"Look_no";"Head_no";"Leg_no";"Hand_L.obtou";"Hand_R.botou"
"732";731;"Voc_speak";"Look_no";"Head_no";"Leg_no";"Hand_L.obtou";"Hand_R.gest"
"733";732;"Voc_speak";"Look_no";"Head_no";"Leg_no";"Hand_L.obtou";"Hand_R.gest"
"734";733;"Voc_speak";"Look_look";"Head_no";"Leg_no";"Hand_L.obtou";"Hand_R.gest"
"735";734;"Voc_speak";"Look_look";"Head_other";"Leg_no";"Hand_L.obtou";"Hand_R.other"
"736";735;"Voc_speak";"Look_look";"Head_other";"Leg_no";"Hand_L.obtou";"Hand_R.other"
"737";736;"Voc_speak";"Look_look";"Head_other";"Leg_no";"Hand_L.gest";"Hand_R.other"
"738";737;"Voc_speak";"Look_look";"Head_other";"Leg_no";"Hand_L.gest";"Hand_R.other"
"739";738;"Voc_speak";"Look_look";"Head_other";"Leg_no";"Hand_L.gest";"Hand_R.other"
"740";739;"Voc_speak";"Look_look";"Head_other";"Leg_no";"Hand_L.gest";"Hand_R.other"
"741";740;"Voc_speak";"Look_look";"Head_other";"Leg_no";"Hand_L.gest";"Hand_R.other"
"742";741;"Voc_speak";"Look_look";"Head_other";"Leg_no";"Hand_L.gest";"Hand_R.other"
"743";742;"Voc_speak";"Look_look";"Head_other";"Leg_no";"Hand_L.gest";"Hand_R.other"
"744";743;"Voc_speak";"Look_look";"Head_other";"Leg_no";"Hand_L.gest";"Hand_R.other"
"745";744;"Voc_speak";"Look_look";"Head_other";"Leg_no";"Hand_L.obtou";"Hand_R.botou"
"746";745;"Voc_no";"Look_look";"Head_other";"Leg_no";"Hand_L.obtou";"Hand_R.botou"
"747";746;"Voc_speak";"Look_look";"Head_nod";"Leg_no";"Hand_L.obtou";"Hand_R.botou"
"748";747;"Voc_speak";"Look_look";"Head_nod";"Leg_no";"Hand_L.obtou";"Hand_R.botou"
"749";748;"Voc_speak";"Look_look";"Head_other";"Leg_no";"Hand_L.obtou";"Hand_R.botou"
"750";749;"Voc_speak";"Look_look";"Head_other";"Leg_no";"Hand_L.obtou";"Hand_R.other"
"751";750;"Voc_speak";"Look_look";"Head_other";"Leg_no";"Hand_L.obtou";"Hand_R.gest"
"752";751;"Voc_speak";"Look_look";"Head_other";"Leg_no";"Hand_L.obtou";"Hand_R.gest"
"753";752;"Voc_speak";"Look_look";"Head_other";"Leg_no";"Hand_L.obtou";"Hand_R.gest"
"754";753;"Voc_speak";"Look_look";"Head_other";"Leg_no";"Hand_L.obtou";"Hand_R.gest"
"755";754;"Voc_speak";"Look_look";"Head_no";"Leg_no";"Hand_L.obtou";"Hand_R.gest"
"756";755;"Voc_speak";"Look_look";"Head_no";"Leg_move";"Hand_L.obtou";"Hand_R.gest"
"757";756;"Voc_speak";"Look_look";"Head_no";"Leg_move";"Hand_L.obtou";"Hand_R.obtou"
"758";757;"Voc_speak";"Look_look";"Head_no";"Leg_move";"Hand_L.obtou";"Hand_R.obtou"
"759";758;"Voc_speak";"Look_look";"Head_no";"Leg_move";"Hand_L.obtou";"Hand_R.obtou"
"760";759;"Voc_no";"Look_look";"Head_no";"Leg_move";"Hand_L.obtou";"Hand_R.obtou"
"761";760;"Voc_no";"Look_look";"Head_no";"Leg_move";"Hand_L.obtou";"Hand_R.obtou"
"762";761;"Voc_no";"Look_no";"Head_no";"Leg_move";"Hand_L.obtou";"Hand_R.obtou"
"763";762;"Voc_no";"Look_no";"Head_no";"Leg_move";"Hand_L.obtou";"Hand_R.obtou"
"764";763;"Voc_no";"Look_look";"Head_no";"Leg_move";"Hand_L.obtou";"Hand_R.obtou"
"765";764;"Voc_no";"Look_look";"Head_no";"Leg_no";"Hand_L.obtou";"Hand_R.obtou"
"766";765;"Voc_no";"Look_look";"Head_no";"Leg_no";"Hand_L.obtou";"Hand_R.obtou"
"767";766;"Voc_no";"Look_look";"Head_other";"Leg_move";"Hand_L.obtou";"Hand_R.obtou"
"768";767;"Voc_no";"Look_look";"Head_other";"Leg_move";"Hand_L.obtou";"Hand_R.obtou"
"769";768;"Voc_no";"Look_look";"Head_other";"Leg_move";"Hand_L.obtou";"Hand_R.obtou"
"770";769;"Voc_no";"Look_look";"Head_other";"Leg_no";"Hand_L.obtou";"Hand_R.obtou"
"771";770;"Voc_no";"Look_look";"Head_nod";"Leg_move";"Hand_L.obtou";"Hand_R.botou"
"772";771;"Voc_no";"Look_look";"Head_nod";"Leg_move";"Hand_L.obtou";"Hand_R.botou"
"773";772;"Voc_bch";"Look_look";"Head_nod";"Leg_move";"Hand_L.obtou";"Hand_R.botou"
"774";773;"Voc_bch";"Look_look";"Head_nod";"Leg_no";"Hand_L.obtou";"Hand_R.botou"
"775";774;"Voc_bch";"Look_no";"Head_nod";"Leg_no";"Hand_L.obtou";"Hand_R.botou"
"776";775;"Voc_no";"Look_no";"Head_other";"Leg_no";"Hand_L.obtou";"Hand_R.botou"
"777";776;"Voc_no";"Look_no";"Head_other";"Leg_no";"Hand_L.obtou";"Hand_R.botou"
"778";777;"Voc_no";"Look_no";"Head_other";"Leg_no";"Hand_L.obtou";"Hand_R.botou"
"779";778;"Voc_no";"Look_no";"Head_other";"Leg_no";"Hand_L.obtou";"Hand_R.botou"
"780";779;"Voc_no";"Look_no";"Head_other";"Leg_no";"Hand_L.obtou";"Hand_R.botou"
"781";780;"Voc_no";"Look_no";"Head_other";"Leg_no";"Hand_L.obtou";"Hand_R.botou"
"782";781;"Voc_no";"Look_look";"Head_other";"Leg_no";"Hand_L.obtou";"Hand_R.botou"
"783";782;"Voc_no";"Look_look";"Head_other";"Leg_no";"Hand_L.obtou";"Hand_R.botou"
"784";783;"Voc_no";"Look_no";"Head_other";"Leg_no";"Hand_L.obtou";"Hand_R.botou"
"785";784;"Voc_no";"Look_no";"Head_other";"Leg_no";"Hand_L.obtou";"Hand_R.botou"
"786";785;"Voc_no";"Look_look";"Head_other";"Leg_no";"Hand_L.obtou";"Hand_R.botou"
"787";786;"Voc_bch";"Look_look";"Head_nod";"Leg_no";"Hand_L.obtou";"Hand_R.gest"
"788";787;"Voc_bch";"Look_look";"Head_nod";"Leg_no";"Hand_L.obtou";"Hand_R.gest"
"789";788;"Voc_no";"Look_look";"Head_nod";"Leg_no";"Hand_L.obtou";"Hand_R.gest"
"790";789;"Voc_no";"Look_no";"Head_other";"Leg_no";"Hand_L.obtou";"Hand_R.botou"
"791";790;"Voc_no";"Look_no";"Head_other";"Leg_no";"Hand_L.obtou";"Hand_R.botou"
"792";791;"Voc_no";"Look_look";"Head_other";"Leg_no";"Hand_L.obtou";"Hand_R.botou"
"793";792;"Voc_no";"Look_look";"Head_nod";"Leg_no";"Hand_L.obtou";"Hand_R.botou"
"794";793;"Voc_bch";"Look_no";"Head_nod";"Leg_no";"Hand_L.obtou";"Hand_R.botou"
"795";794;"Voc_bch";"Look_no";"Head_nod";"Leg_no";"Hand_L.obtou";"Hand_R.botou"
"796";795;"Voc_no";"Look_look";"Head_nod";"Leg_no";"Hand_L.obtou";"Hand_R.botou"
"797";796;"Voc_no";"Look_look";"Head_nod";"Leg_no";"Hand_L.obtou";"Hand_R.botou"
"798";797;"Voc_no";"Look_no";"Head_nod";"Leg_no";"Hand_L.obtou";"Hand_R.botou"
"799";798;"Voc_no";"Look_no";"Head_nod";"Leg_no";"Hand_L.obtou";"Hand_R.botou"
"800";799;"Voc_no";"Look_look";"Head_no";"Leg_no";"Hand_L.obtou";"Hand_R.botou"
"801";800;"Voc_no";"Look_look";"Head_no";"Leg_no";"Hand_L.obtou";"Hand_R.botou"
"802";801;"Voc_no";"Look_look";"Head_other";"Leg_no";"Hand_L.obtou";"Hand_R.gest"
"803";802;"Voc_no";"Look_look";"Head_other";"Leg_no";"Hand_L.obtou";"Hand_R.gest"
"804";803;"Voc_no";"Look_look";"Head_nod";"Leg_no";"Hand_L.obtou";"Hand_R.gest"
"805";804;"Voc_no";"Look_look";"Head_nod";"Leg_no";"Hand_L.obtou";"Hand_R.gest"
"806";805;"Voc_no";"Look_look";"Head_no";"Leg_no";"Hand_L.obtou";"Hand_R.gest"
"807";806;"Voc_no";"Look_look";"Head_no";"Leg_no";"Hand_L.obtou";"Hand_R.gest"
"808";807;"Voc_no";"Look_look";"Head_nod";"Leg_no";"Hand_L.obtou";"Hand_R.gest"
"809";808;"Voc_no";"Look_look";"Head_nod";"Leg_no";"Hand_L.obtou";"Hand_R.gest"
"810";809;"Voc_no";"Look_look";"Head_nod";"Leg_no";"Hand_L.obtou";"Hand_R.gest"
"811";810;"Voc_no";"Look_look";"Head_nod";"Leg_no";"Hand_L.obtou";"Hand_R.gest"
"812";811;"Voc_no";"Look_look";"Head_nod";"Leg_no";"Hand_L.obtou";"Hand_R.gest"
"813";812;"Voc_no";"Look_no";"Head_nod";"Leg_no";"Hand_L.obtou";"Hand_R.gest"
"814";813;"Voc_no";"Look_no";"Head_no";"Leg_no";"Hand_L.obtou";"Hand_R.gest"
"815";814;"Voc_no";"Look_no";"Head_nod";"Leg_no";"Hand_L.obtou";"Hand_R.botou"
"816";815;"Voc_no";"Look_no";"Head_nod";"Leg_no";"Hand_L.obtou";"Hand_R.botou"
"817";816;"Voc_no";"Look_no";"Head_nod";"Leg_no";"Hand_L.obtou";"Hand_R.botou"
"818";817;"Voc_bch";"Look_no";"Head_nod";"Leg_no";"Hand_L.obtou";"Hand_R.botou"
"819";818;"Voc_speak";"Look_no";"Head_nod";"Leg_no";"Hand_L.obtou";"Hand_R.botou"
"820";819;"Voc_speak";"Look_no";"Head_nod";"Leg_no";"Hand_L.obtou";"Hand_R.botou"
"821";820;"Voc_no";"Look_look";"Head_other";"Leg_no";"Hand_L.obtou";"Hand_R.botou"
"822";821;"Voc_no";"Look_look";"Head_nod";"Leg_no";"Hand_L.obtou";"Hand_R.botou"
"823";822;"Voc_bch";"Look_look";"Head_nod";"Leg_no";"Hand_L.obtou";"Hand_R.botou"
"824";823;"Voc_bch";"Look_no";"Head_no";"Leg_no";"Hand_L.obtou";"Hand_R.gest"
"825";824;"Voc_speak";"Look_no";"Head_other";"Leg_no";"Hand_L.obtou";"Hand_R.gest"
"826";825;"Voc_speak";"Look_look";"Head_other";"Leg_no";"Hand_L.obtou";"Hand_R.gest"
"827";826;"Voc_speak";"Look_look";"Head_other";"Leg_no";"Hand_L.obtou";"Hand_R.gest"
"828";827;"Voc_speak";"Look_look";"Head_other";"Leg_move";"Hand_L.obtou";"Hand_R.gest"
"829";828;"Voc_speak";"Look_look";"Head_other";"Leg_move";"Hand_L.obtou";"Hand_R.other"
"830";829;"Voc_speak";"Look_look";"Head_other";"Leg_move";"Hand_L.obtou";"Hand_R.other"
"831";830;"Voc_speak";"Look_look";"Head_other";"Leg_move";"Hand_L.obtou";"Hand_R.other"
"832";831;"Voc_speak";"Look_look";"Head_other";"Leg_move";"Hand_L.obtou";"Hand_R.gest"
"833";832;"Voc_speak";"Look_look";"Head_other";"Leg_move";"Hand_L.obtou";"Hand_R.gest"
"834";833;"Voc_speak";"Look_look";"Head_other";"Leg_move";"Hand_L.obtou";"Hand_R.other"
"835";834;"Voc_speak";"Look_no";"Head_other";"Leg_move";"Hand_L.obtou";"Hand_R.other"
"836";835;"Voc_speak";"Look_look";"Head_other";"Leg_move";"Hand_L.obtou";"Hand_R.gest"
"837";836;"Voc_speak";"Look_look";"Head_other";"Leg_no";"Hand_L.obtou";"Hand_R.gest"
"838";837;"Voc_speak";"Look_look";"Head_other";"Leg_no";"Hand_L.obtou";"Hand_R.gest"
"839";838;"Voc_speak";"Look_look";"Head_other";"Leg_no";"Hand_L.obtou";"Hand_R.gest"
"840";839;"Voc_no";"Look_no";"Head_other";"Leg_no";"Hand_L.obtou";"Hand_R.gest"
"841";840;"Voc_no";"Look_no";"Head_no";"Leg_no";"Hand_L.obtou";"Hand_R.gest"
"842";841;"Voc_no";"Look_look";"Head_no";"Leg_no";"Hand_L.obtou";"Hand_R.gest"
"843";842;"Voc_speak";"Look_look";"Head_other";"Leg_no";"Hand_L.obtou";"Hand_R.gest"
"844";843;"Voc_speak";"Look_look";"Head_other";"Leg_no";"Hand_L.obtou";"Hand_R.obtou"
"845";844;"Voc_speak";"Look_look";"Head_other";"Leg_no";"Hand_L.obtou";"Hand_R.obtou"
"846";845;"Voc_speak";"Look_look";"Head_other";"Leg_no";"Hand_L.obtou";"Hand_R.obtou"
"847";846;"Voc_no";"Look_no";"Head_no";"Leg_no";"Hand_L.obtou";"Hand_R.obtou"
"848";847;"Voc_no";"Look_look";"Head_no";"Leg_no";"Hand_L.obtou";"Hand_R.obtou"
"849";848;"Voc_no";"Look_look";"Head_no";"Leg_no";"Hand_L.obtou";"Hand_R.obtou"
"850";849;"Voc_no";"Look_look";"Head_other";"Leg_no";"Hand_L.obtou";"Hand_R.obtou"
"851";850;"Voc_bch";"Look_look";"Head_other";"Leg_move";"Hand_L.obtou";"Hand_R.obtou"
"852";851;"Voc_bch";"Look_no";"Head_other";"Leg_move";"Hand_L.obtou";"Hand_R.botou"
"853";852;"Voc_no";"Look_no";"Head_other";"Leg_move";"Hand_L.obtou";"Hand_R.botou"
"854";853;"Voc_no";"Look_no";"Head_no";"Leg_move";"Hand_L.obtou";"Hand_R.botou"
"855";854;"Voc_no";"Look_no";"Head_no";"Leg_no";"Hand_L.obtou";"Hand_R.botou"
"856";855;"Voc_no";"Look_no";"Head_nod";"Leg_no";"Hand_L.obtou";"Hand_R.botou"
"857";856;"Voc_no";"Look_no";"Head_nod";"Leg_no";"Hand_L.obtou";"Hand_R.botou"
"858";857;"Voc_no";"Look_look";"Head_nod";"Leg_no";"Hand_L.obtou";"Hand_R.botou"
"859";858;"Voc_no";"Look_look";"Head_other";"Leg_no";"Hand_L.obtou";"Hand_R.botou"
"860";859;"Voc_no";"Look_no";"Head_other";"Leg_no";"Hand_L.obtou";"Hand_R.botou"
"861";860;"Voc_no";"Look_look";"Head_other";"Leg_no";"Hand_L.obtou";"Hand_R.botou"
"862";861;"Voc_no";"Look_look";"Head_other";"Leg_no";"Hand_L.obtou";"Hand_R.botou"
"863";862;"Voc_bch";"Look_no";"Head_nod";"Leg_no";"Hand_L.obtou";"Hand_R.botou"
"864";863;"Voc_bch";"Look_no";"Head_nod";"Leg_no";"Hand_L.obtou";"Hand_R.botou"
"865";864;"Voc_no";"Look_no";"Head_nod";"Leg_no";"Hand_L.obtou";"Hand_R.botou"
"866";865;"Voc_no";"Look_no";"Head_nod";"Leg_no";"Hand_L.obtou";"Hand_R.botou"
"867";866;"Voc_no";"Look_no";"Head_nod";"Leg_no";"Hand_L.obtou";"Hand_R.botou"
"868";867;"Voc_no";"Look_no";"Head_no";"Leg_no";"Hand_L.obtou";"Hand_R.botou"
"869";868;"Voc_no";"Look_no";"Head_no";"Leg_no";"Hand_L.obtou";"Hand_R.botou"
"870";869;"Voc_no";"Look_no";"Head_no";"Leg_no";"Hand_L.obtou";"Hand_R.botou"
"871";870;"Voc_speak";"Look_no";"Head_other";"Leg_no";"Hand_L.obtou";"Hand_R.botou"
"872";871;"Voc_speak";"Look_no";"Head_other";"Leg_move";"Hand_L.obtou";"Hand_R.botou"
"873";872;"Voc_speak";"Look_no";"Head_other";"Leg_move";"Hand_L.botou";"Hand_R.botou"
"874";873;"Voc_speak";"Look_no";"Head_other";"Leg_move";"Hand_L.botou";"Hand_R.botou"
"875";874;"Voc_speak";"Look_no";"Head_other";"Leg_move";"Hand_L.botou";"Hand_R.botou"
"876";875;"Voc_speak";"Look_no";"Head_other";"Leg_no";"Hand_L.botou";"Hand_R.botou"
"877";876;"Voc_speak";"Look_no";"Head_other";"Leg_no";"Hand_L.botou";"Hand_R.botou"
"878";877;"Voc_speak";"Look_no";"Head_other";"Leg_no";"Hand_L.botou";"Hand_R.botou"
"879";878;"Voc_speak";"Look_no";"Head_other";"Leg_no";"Hand_L.botou";"Hand_R.botou"
"880";879;"Voc_speak";"Look_no";"Head_other";"Leg_no";"Hand_L.botou";"Hand_R.botou"
"881";880;"Voc_speak";"Look_look";"Head_other";"Leg_no";"Hand_L.botou";"Hand_R.botou"
"882";881;"Voc_speak";"Look_look";"Head_other";"Leg_move";"Hand_L.botou";"Hand_R.botou"
"883";882;"Voc_speak";"Look_look";"Head_other";"Leg_move";"Hand_L.botou";"Hand_R.botou"
"884";883;"Voc_speak";"Look_look";"Head_other";"Leg_move";"Hand_L.botou";"Hand_R.botou"
"885";884;"Voc_speak";"Look_look";"Head_other";"Leg_move";"Hand_L.botou";"Hand_R.botou"
"886";885;"Voc_speak";"Look_look";"Head_other";"Leg_move";"Hand_L.botou";"Hand_R.botou"
"887";886;"Voc_speak";"Look_look";"Head_other";"Leg_move";"Hand_L.botou";"Hand_R.other"
"888";887;"Voc_speak";"Look_look";"Head_other";"Leg_move";"Hand_L.botou";"Hand_R.botou"
"889";888;"Voc_speak";"Look_look";"Head_other";"Leg_move";"Hand_L.botou";"Hand_R.botou"
"890";889;"Voc_speak";"Look_look";"Head_other";"Leg_move";"Hand_L.botou";"Hand_R.gest"
"891";890;"Voc_speak";"Look_look";"Head_other";"Leg_move";"Hand_L.botou";"Hand_R.gest"
"892";891;"Voc_no";"Look_look";"Head_other";"Leg_move";"Hand_L.botou";"Hand_R.gest"
"893";892;"Voc_no";"Look_look";"Head_other";"Leg_move";"Hand_L.botou";"Hand_R.gest"
"894";893;"Voc_no";"Look_look";"Head_other";"Leg_move";"Hand_L.botou";"Hand_R.gest"
"895";894;"Voc_no";"Look_look";"Head_no";"Leg_move";"Hand_L.botou";"Hand_R.gest"
"896";895;"Voc_no";"Look_look";"Head_no";"Leg_no";"Hand_L.botou";"Hand_R.gest"
"897";896;"Voc_no";"Look_look";"Head_no";"Leg_no";"Hand_L.botou";"Hand_R.gest"
"898";897;"Voc_no";"Look_look";"Head_other";"Leg_no";"Hand_L.botou";"Hand_R.gest"
"899";898;"Voc_no";"Look_no";"Head_other";"Leg_no";"Hand_L.botou";"Hand_R.gest"
"900";899;"Voc_no";"Look_no";"Head_no";"Leg_no";"Hand_L.botou";"Hand_R.gest"
