"Time.s";"Vocalizing";"Looking";"Head";"Leg";"Hand_L";"Hand_R"
"1";0;"Voc_no";"Look_look";"Head_no";"Leg_move";"Hand_L.botou";"Hand_R.gest"
"2";1;"Voc_speak";"Look_look";"Head_no";"Leg_move";"Hand_L.no";"Hand_R.obtou"
"3";2;"Voc_speak";"Look_look";"Head_no";"Leg_no";"Hand_L.no";"Hand_R.obtou"
"4";3;"Voc_speak";"Look_look";"Head_other";"Leg_move";"Hand_L.no";"Hand_R.obtou"
"5";4;"Voc_speak";"Look_look";"Head_other";"Leg_move";"Hand_L.botou";"Hand_R.gest"
"6";5;"Voc_speak";"Look_look";"Head_other";"Leg_move";"Hand_L.botou";"Hand_R.gest"
"7";6;"Voc_no";"Look_look";"Head_no";"Leg_move";"Hand_L.botou";"Hand_R.gest"
"8";7;"Voc_no";"Look_look";"Head_no";"Leg_move";"Hand_L.botou";"Hand_R.gest"
"9";8;"Voc_speak";"Look_look";"Head_other";"Leg_no";"Hand_L.botou";"Hand_R.obtou"
"10";9;"Voc_speak";"Look_look";"Head_other";"Leg_no";"Hand_L.botou";"Hand_R.obtou"
"11";10;"Voc_speak";"Look_look";"Head_other";"Leg_no";"Hand_L.botou";"Hand_R.obtou"
"12";11;"Voc_speak";"Look_no";"Head_other";"Leg_no";"Hand_L.botou";"Hand_R.obtou"
"13";12;"Voc_speak";"Look_look";"Head_other";"Leg_move";"Hand_L.botou";"Hand_R.obtou"
"14";13;"Voc_speak";"Look_look";"Head_other";"Leg_move";"Hand_L.botou";"Hand_R.obtou"
"15";14;"Voc_no";"Look_look";"Head_other";"Leg_move";"Hand_L.botou";"Hand_R.obtou"
"16";15;"Voc_no";"Look_look";"Head_other";"Leg_move";"Hand_L.botou";"Hand_R.obtou"
"17";16;"Voc_speak";"Look_look";"Head_no";"Leg_move";"Hand_L.botou";"Hand_R.gest"
"18";17;"Voc_speak";"Look_look";"Head_no";"Leg_move";"Hand_L.botou";"Hand_R.gest"
"19";18;"Voc_speak";"Look_look";"Head_no";"Leg_move";"Hand_L.botou";"Hand_R.gest"
"20";19;"Voc_bch";"Look_look";"Head_no";"Leg_move";"Hand_L.botou";"Hand_R.gest"
"21";20;"Voc_bch";"Look_look";"Head_no";"Leg_move";"Hand_L.botou";"Hand_R.gest"
"22";21;"Voc_bch";"Look_look";"Head_no";"Leg_move";"Hand_L.gest";"Hand_R.gest"
"23";22;"Voc_bch";"Look_look";"Head_other";"Leg_move";"Hand_L.gest";"Hand_R.other"
"24";23;"Voc_no";"Look_look";"Head_other";"Leg_move";"Hand_L.gest";"Hand_R.gest"
"25";24;"Voc_no";"Look_look";"Head_other";"Leg_move";"Hand_L.botou";"Hand_R.gest"
"26";25;"Voc_no";"Look_look";"Head_other";"Leg_move";"Hand_L.botou";"Hand_R.gest"
"27";26;"Voc_no";"Look_look";"Head_other";"Leg_move";"Hand_L.botou";"Hand_R.gest"
"28";27;"Voc_bch";"Look_look";"Head_nod";"Leg_no";"Hand_L.botou";"Hand_R.gest"
"29";28;"Voc_speak";"Look_look";"Head_nod";"Leg_no";"Hand_L.botou";"Hand_R.gest"
"30";29;"Voc_speak";"Look_look";"Head_other";"Leg_move";"Hand_L.botou";"Hand_R.gest"
"31";30;"Voc_speak";"Look_look";"Head_other";"Leg_move";"Hand_L.botou";"Hand_R.gest"
"32";31;"Voc_speak";"Look_look";"Head_other";"Leg_move";"Hand_L.botou";"Hand_R.gest"
"33";32;"Voc_speak";"Look_look";"Head_other";"Leg_no";"Hand_L.botou";"Hand_R.gest"
"34";33;"Voc_speak";"Look_look";"Head_other";"Leg_no";"Hand_L.botou";"Hand_R.gest"
"35";34;"Voc_speak";"Look_no";"Head_other";"Leg_no";"Hand_L.botou";"Hand_R.gest"
"36";35;"Voc_speak";"Look_no";"Head_other";"Leg_no";"Hand_L.botou";"Hand_R.gest"
"37";36;"Voc_speak";"Look_look";"Head_other";"Leg_no";"Hand_L.botou";"Hand_R.gest"
"38";37;"Voc_speak";"Look_look";"Head_other";"Leg_move";"Hand_L.gest";"Hand_R.gest"
"39";38;"Voc_speak";"Look_look";"Head_other";"Leg_move";"Hand_L.gest";"Hand_R.gest"
"40";39;"Voc_bch";"Look_look";"Head_no";"Leg_move";"Hand_L.gest";"Hand_R.gest"
"41";40;"Voc_bch";"Look_no";"Head_no";"Leg_move";"Hand_L.gest";"Hand_R.gest"
"42";41;"Voc_no";"Look_no";"Head_no";"Leg_move";"Hand_L.gest";"Hand_R.gest"
"43";42;"Voc_speak";"Look_look";"Head_no";"Leg_move";"Hand_L.botou";"Hand_R.gest"
"44";43;"Voc_speak";"Look_look";"Head_no";"Leg_move";"Hand_L.botou";"Hand_R.gest"
"45";44;"Voc_bch";"Look_look";"Head_other";"Leg_move";"Hand_L.botou";"Hand_R.gest"
"46";45;"Voc_bch";"Look_no";"Head_nod";"Leg_move";"Hand_L.botou";"Hand_R.gest"
"47";46;"Voc_bch";"Look_look";"Head_nod";"Leg_move";"Hand_L.gest";"Hand_R.gest"
"48";47;"Voc_bch";"Look_look";"Head_no";"Leg_move";"Hand_L.gest";"Hand_R.gest"
"49";48;"Voc_no";"Look_look";"Head_nod";"Leg_move";"Hand_L.gest";"Hand_R.gest"
"50";49;"Voc_speak";"Look_look";"Head_nod";"Leg_move";"Hand_L.botou";"Hand_R.gest"
"51";50;"Voc_speak";"Look_look";"Head_other";"Leg_no";"Hand_L.botou";"Hand_R.gest"
"52";51;"Voc_speak";"Look_no";"Head_other";"Leg_no";"Hand_L.botou";"Hand_R.gest"
"53";52;"Voc_speak";"Look_no";"Head_other";"Leg_no";"Hand_L.botou";"Hand_R.gest"
"54";53;"Voc_speak";"Look_no";"Head_other";"Leg_no";"Hand_L.botou";"Hand_R.gest"
"55";54;"Voc_speak";"Look_no";"Head_other";"Leg_no";"Hand_L.botou";"Hand_R.gest"
"56";55;"Voc_speak";"Look_no";"Head_other";"Leg_no";"Hand_L.no";"Hand_R.obtou"
"57";56;"Voc_speak";"Look_no";"Head_other";"Leg_no";"Hand_L.no";"Hand_R.obtou"
"58";57;"Voc_speak";"Look_no";"Head_other";"Leg_move";"Hand_L.gest";"Hand_R.obtou"
"59";58;"Voc_speak";"Look_no";"Head_other";"Leg_move";"Hand_L.gest";"Hand_R.other"
"60";59;"Voc_speak";"Look_no";"Head_other";"Leg_move";"Hand_L.gest";"Hand_R.gest"
"61";60;"Voc_speak";"Look_no";"Head_other";"Leg_no";"Hand_L.botou";"Hand_R.gest"
"62";61;"Voc_speak";"Look_look";"Head_other";"Leg_move";"Hand_L.botou";"Hand_R.gest"
"63";62;"Voc_speak";"Look_look";"Head_other";"Leg_move";"Hand_L.botou";"Hand_R.gest"
"64";63;"Voc_speak";"Look_look";"Head_other";"Leg_move";"Hand_L.botou";"Hand_R.gest"
"65";64;"Voc_speak";"Look_look";"Head_other";"Leg_move";"Hand_L.botou";"Hand_R.gest"
"66";65;"Voc_speak";"Look_no";"Head_other";"Leg_move";"Hand_L.botou";"Hand_R.gest"
"67";66;"Voc_speak";"Look_look";"Head_other";"Leg_no";"Hand_L.botou";"Hand_R.obtou"
"68";67;"Voc_speak";"Look_look";"Head_other";"Leg_no";"Hand_L.botou";"Hand_R.obtou"
"69";68;"Voc_no";"Look_no";"Head_no";"Leg_no";"Hand_L.botou";"Hand_R.obtou"
"70";69;"Voc_no";"Look_no";"Head_no";"Leg_no";"Hand_L.botou";"Hand_R.obtou"
"71";70;"Voc_bch";"Look_no";"Head_no";"Leg_no";"Hand_L.botou";"Hand_R.obtou"
"72";71;"Voc_bch";"Look_look";"Head_no";"Leg_no";"Hand_L.no";"Hand_R.obtou"
"73";72;"Voc_no";"Look_look";"Head_no";"Leg_no";"Hand_L.no";"Hand_R.obtou"
"74";73;"Voc_speak";"Look_look";"Head_nod";"Leg_no";"Hand_L.no";"Hand_R.obtou"
"75";74;"Voc_speak";"Look_look";"Head_nod";"Leg_no";"Hand_L.no";"Hand_R.obtou"
"76";75;"Voc_speak";"Look_look";"Head_nod";"Leg_no";"Hand_L.no";"Hand_R.obtou"
"77";76;"Voc_speak";"Look_look";"Head_other";"Leg_no";"Hand_L.gest";"Hand_R.obtou"
"78";77;"Voc_speak";"Look_look";"Head_other";"Leg_no";"Hand_L.gest";"Hand_R.gest"
"79";78;"Voc_speak";"Look_look";"Head_other";"Leg_no";"Hand_L.botou";"Hand_R.gest"
"80";79;"Voc_speak";"Look_look";"Head_other";"Leg_no";"Hand_L.botou";"Hand_R.gest"
"81";80;"Voc_speak";"Look_no";"Head_other";"Leg_no";"Hand_L.botou";"Hand_R.gest"
"82";81;"Voc_speak";"Look_no";"Head_no";"Leg_no";"Hand_L.no";"Hand_R.obtou"
"83";82;"Voc_no";"Look_no";"Head_no";"Leg_no";"Hand_L.no";"Hand_R.obtou"
"84";83;"Voc_no";"Look_no";"Head_no";"Leg_move";"Hand_L.no";"Hand_R.obtou"
"85";84;"Voc_no";"Look_look";"Head_no";"Leg_move";"Hand_L.no";"Hand_R.obtou"
"86";85;"Voc_speak";"Look_look";"Head_other";"Leg_move";"Hand_L.no";"Hand_R.obtou"
"87";86;"Voc_speak";"Look_look";"Head_other";"Leg_move";"Hand_L.no";"Hand_R.obtou"
"88";87;"Voc_speak";"Look_no";"Head_other";"Leg_move";"Hand_L.botou";"Hand_R.obtou"
"89";88;"Voc_speak";"Look_look";"Head_other";"Leg_move";"Hand_L.gest";"Hand_R.obtou"
"90";89;"Voc_speak";"Look_look";"Head_other";"Leg_move";"Hand_L.gest";"Hand_R.obtou"
"91";90;"Voc_speak";"Look_look";"Head_other";"Leg_move";"Hand_L.botou";"Hand_R.obtou"
"92";91;"Voc_speak";"Look_look";"Head_other";"Leg_move";"Hand_L.botou";"Hand_R.obtou"
"93";92;"Voc_no";"Look_look";"Head_no";"Leg_no";"Hand_L.botou";"Hand_R.obtou"
"94";93;"Voc_bch";"Look_look";"Head_nod";"Leg_no";"Hand_L.botou";"Hand_R.obtou"
"95";94;"Voc_bch";"Look_look";"Head_nod";"Leg_no";"Hand_L.botou";"Hand_R.gest"
"96";95;"Voc_no";"Look_look";"Head_no";"Leg_no";"Hand_L.botou";"Hand_R.gest"
"97";96;"Voc_bch";"Look_look";"Head_no";"Leg_move";"Hand_L.botou";"Hand_R.gest"
"98";97;"Voc_bch";"Look_look";"Head_no";"Leg_move";"Hand_L.botou";"Hand_R.gest"
"99";98;"Voc_no";"Look_look";"Head_no";"Leg_move";"Hand_L.botou";"Hand_R.gest"
"100";99;"Voc_no";"Look_no";"Head_no";"Leg_move";"Hand_L.botou";"Hand_R.gest"
"101";100;"Voc_no";"Look_no";"Head_no";"Leg_no";"Hand_L.botou";"Hand_R.gest"
"102";101;"Voc_no";"Look_look";"Head_other";"Leg_no";"Hand_L.botou";"Hand_R.gest"
"103";102;"Voc_no";"Look_look";"Head_other";"Leg_no";"Hand_L.botou";"Hand_R.gest"
"104";103;"Voc_no";"Look_look";"Head_no";"Leg_no";"Hand_L.botou";"Hand_R.gest"
"105";104;"Voc_no";"Look_look";"Head_no";"Leg_no";"Hand_L.no";"Hand_R.gest"
"106";105;"Voc_no";"Look_look";"Head_no";"Leg_no";"Hand_L.no";"Hand_R.obtou"
"107";106;"Voc_no";"Look_look";"Head_no";"Leg_no";"Hand_L.no";"Hand_R.obtou"
"108";107;"Voc_bch";"Look_look";"Head_nod";"Leg_no";"Hand_L.no";"Hand_R.obtou"
"109";108;"Voc_bch";"Look_no";"Head_nod";"Leg_no";"Hand_L.no";"Hand_R.obtou"
"110";109;"Voc_bch";"Look_look";"Head_nod";"Leg_no";"Hand_L.gest";"Hand_R.obtou"
"111";110;"Voc_bch";"Look_look";"Head_nod";"Leg_move";"Hand_L.gest";"Hand_R.gest"
"112";111;"Voc_bch";"Look_look";"Head_nod";"Leg_move";"Hand_L.botou";"Hand_R.gest"
"113";112;"Voc_no";"Look_look";"Head_nod";"Leg_move";"Hand_L.botou";"Hand_R.gest"
"114";113;"Voc_no";"Look_no";"Head_nod";"Leg_move";"Hand_L.botou";"Hand_R.gest"
"115";114;"Voc_no";"Look_look";"Head_no";"Leg_move";"Hand_L.no";"Hand_R.obtou"
"116";115;"Voc_bch";"Look_look";"Head_nod";"Leg_move";"Hand_L.no";"Hand_R.obtou"
"117";116;"Voc_bch";"Look_look";"Head_nod";"Leg_move";"Hand_L.no";"Hand_R.obtou"
"118";117;"Voc_no";"Look_no";"Head_no";"Leg_move";"Hand_L.no";"Hand_R.obtou"
"119";118;"Voc_no";"Look_no";"Head_no";"Leg_no";"Hand_L.no";"Hand_R.obtou"
"120";119;"Voc_no";"Look_look";"Head_no";"Leg_no";"Hand_L.no";"Hand_R.obtou"
"121";120;"Voc_speak";"Look_look";"Head_no";"Leg_no";"Hand_L.gest";"Hand_R.other"
"122";121;"Voc_speak";"Look_look";"Head_other";"Leg_no";"Hand_L.gest";"Hand_R.gest"
"123";122;"Voc_speak";"Look_look";"Head_other";"Leg_no";"Hand_L.botou";"Hand_R.gest"
"124";123;"Voc_speak";"Look_no";"Head_other";"Leg_no";"Hand_L.botou";"Hand_R.gest"
"125";124;"Voc_speak";"Look_no";"Head_other";"Leg_no";"Hand_L.botou";"Hand_R.gest"
"126";125;"Voc_speak";"Look_look";"Head_other";"Leg_no";"Hand_L.botou";"Hand_R.gest"
"127";126;"Voc_speak";"Look_look";"Head_other";"Leg_no";"Hand_L.no";"Hand_R.obtou"
"128";127;"Voc_speak";"Look_look";"Head_other";"Leg_no";"Hand_L.no";"Hand_R.obtou"
"129";128;"Voc_speak";"Look_look";"Head_other";"Leg_no";"Hand_L.botou";"Hand_R.obtou"
"130";129;"Voc_speak";"Look_look";"Head_other";"Leg_no";"Hand_L.botou";"Hand_R.obtou"
"131";130;"Voc_speak";"Look_look";"Head_other";"Leg_no";"Hand_L.botou";"Hand_R.obtou"
"132";131;"Voc_speak";"Look_no";"Head_other";"Leg_no";"Hand_L.botou";"Hand_R.obtou"
"133";132;"Voc_speak";"Look_no";"Head_other";"Leg_no";"Hand_L.no";"Hand_R.obtou"
"134";133;"Voc_speak";"Look_no";"Head_other";"Leg_no";"Hand_L.no";"Hand_R.obtou"
"135";134;"Voc_speak";"Look_look";"Head_other";"Leg_no";"Hand_L.no";"Hand_R.obtou"
"136";135;"Voc_speak";"Look_look";"Head_other";"Leg_no";"Hand_L.no";"Hand_R.obtou"
"137";136;"Voc_speak";"Look_look";"Head_other";"Leg_no";"Hand_L.no";"Hand_R.obtou"
"138";137;"Voc_no";"Look_look";"Head_other";"Leg_no";"Hand_L.no";"Hand_R.obtou"
"139";138;"Voc_speak";"Look_look";"Head_other";"Leg_move";"Hand_L.gest";"Hand_R.other"
"140";139;"Voc_speak";"Look_look";"Head_other";"Leg_move";"Hand_L.gest";"Hand_R.gest"
"141";140;"Voc_speak";"Look_no";"Head_other";"Leg_move";"Hand_L.botou";"Hand_R.gest"
"142";141;"Voc_speak";"Look_no";"Head_other";"Leg_move";"Hand_L.botou";"Hand_R.gest"
"143";142;"Voc_no";"Look_no";"Head_other";"Leg_move";"Hand_L.botou";"Hand_R.gest"
"144";143;"Voc_no";"Look_no";"Head_no";"Leg_move";"Hand_L.botou";"Hand_R.gest"
"145";144;"Voc_speak";"Look_look";"Head_other";"Leg_move";"Hand_L.botou";"Hand_R.gest"
"146";145;"Voc_speak";"Look_look";"Head_other";"Leg_move";"Hand_L.botou";"Hand_R.gest"
"147";146;"Voc_speak";"Look_look";"Head_other";"Leg_move";"Hand_L.other";"Hand_R.gest"
"148";147;"Voc_speak";"Look_look";"Head_other";"Leg_move";"Hand_L.gest";"Hand_R.gest"
"149";148;"Voc_speak";"Look_look";"Head_other";"Leg_move";"Hand_L.gest";"Hand_R.gest"
"150";149;"Voc_speak";"Look_look";"Head_other";"Leg_no";"Hand_L.botou";"Hand_R.gest"
"151";150;"Voc_speak";"Look_look";"Head_other";"Leg_no";"Hand_L.botou";"Hand_R.gest"
"152";151;"Voc_speak";"Look_look";"Head_other";"Leg_no";"Hand_L.botou";"Hand_R.gest"
"153";152;"Voc_speak";"Look_look";"Head_other";"Leg_move";"Hand_L.botou";"Hand_R.gest"
"154";153;"Voc_speak";"Look_no";"Head_other";"Leg_move";"Hand_L.botou";"Hand_R.gest"
"155";154;"Voc_speak";"Look_look";"Head_other";"Leg_move";"Hand_L.botou";"Hand_R.gest"
"156";155;"Voc_speak";"Look_look";"Head_other";"Leg_move";"Hand_L.botou";"Hand_R.gest"
"157";156;"Voc_speak";"Look_look";"Head_other";"Leg_no";"Hand_L.botou";"Hand_R.gest"
"158";157;"Voc_speak";"Look_look";"Head_other";"Leg_no";"Hand_L.botou";"Hand_R.gest"
"159";158;"Voc_speak";"Look_look";"Head_other";"Leg_no";"Hand_L.botou";"Hand_R.gest"
"160";159;"Voc_speak";"Look_look";"Head_other";"Leg_no";"Hand_L.botou";"Hand_R.gest"
"161";160;"Voc_speak";"Look_no";"Head_other";"Leg_no";"Hand_L.botou";"Hand_R.gest"
"162";161;"Voc_no";"Look_no";"Head_no";"Leg_no";"Hand_L.botou";"Hand_R.gest"
"163";162;"Voc_bch";"Look_no";"Head_nod";"Leg_no";"Hand_L.botou";"Hand_R.gest"
"164";163;"Voc_bch";"Look_no";"Head_nod";"Leg_no";"Hand_L.no";"Hand_R.obtou"
"165";164;"Voc_bch";"Look_no";"Head_nod";"Leg_no";"Hand_L.no";"Hand_R.obtou"
"166";165;"Voc_no";"Look_look";"Head_no";"Leg_no";"Hand_L.no";"Hand_R.obtou"
"167";166;"Voc_bch";"Look_look";"Head_no";"Leg_move";"Hand_L.no";"Hand_R.gest"
"168";167;"Voc_bch";"Look_look";"Head_no";"Leg_move";"Hand_L.botou";"Hand_R.gest"
"169";168;"Voc_no";"Look_no";"Head_no";"Leg_no";"Hand_L.botou";"Hand_R.gest"
"170";169;"Voc_no";"Look_look";"Head_no";"Leg_no";"Hand_L.botou";"Hand_R.gest"
"171";170;"Voc_no";"Look_look";"Head_no";"Leg_no";"Hand_L.botou";"Hand_R.gest"
"172";171;"Voc_speak";"Look_look";"Head_no";"Leg_no";"Hand_L.no";"Hand_R.obtou"
"173";172;"Voc_speak";"Look_look";"Head_shake";"Leg_no";"Hand_L.botou";"Hand_R.gest"
"174";173;"Voc_speak";"Look_look";"Head_shake";"Leg_move";"Hand_L.botou";"Hand_R.gest"
"175";174;"Voc_speak";"Look_look";"Head_other";"Leg_move";"Hand_L.botou";"Hand_R.gest"
"176";175;"Voc_speak";"Look_look";"Head_other";"Leg_move";"Hand_L.botou";"Hand_R.gest"
"177";176;"Voc_speak";"Look_look";"Head_other";"Leg_move";"Hand_L.botou";"Hand_R.obtou"
"178";177;"Voc_speak";"Look_no";"Head_other";"Leg_move";"Hand_L.botou";"Hand_R.obtou"
"179";178;"Voc_speak";"Look_look";"Head_other";"Leg_move";"Hand_L.botou";"Hand_R.obtou"
"180";179;"Voc_no";"Look_look";"Head_other";"Leg_move";"Hand_L.botou";"Hand_R.obtou"
"181";180;"Voc_no";"Look_look";"Head_no";"Leg_no";"Hand_L.botou";"Hand_R.obtou"
"182";181;"Voc_bch";"Look_look";"Head_nod";"Leg_no";"Hand_L.botou";"Hand_R.obtou"
"183";182;"Voc_bch";"Look_look";"Head_nod";"Leg_no";"Hand_L.botou";"Hand_R.obtou"
"184";183;"Voc_no";"Look_no";"Head_no";"Leg_no";"Hand_L.botou";"Hand_R.obtou"
"185";184;"Voc_bch";"Look_look";"Head_no";"Leg_no";"Hand_L.botou";"Hand_R.obtou"
"186";185;"Voc_bch";"Look_look";"Head_no";"Leg_no";"Hand_L.botou";"Hand_R.obtou"
"187";186;"Voc_no";"Look_look";"Head_no";"Leg_move";"Hand_L.no";"Hand_R.obtou"
"188";187;"Voc_speak";"Look_look";"Head_no";"Leg_move";"Hand_L.no";"Hand_R.obtou"
"189";188;"Voc_speak";"Look_look";"Head_other";"Leg_move";"Hand_L.no";"Hand_R.obtou"
"190";189;"Voc_speak";"Look_look";"Head_other";"Leg_move";"Hand_L.no";"Hand_R.obtou"
"191";190;"Voc_speak";"Look_look";"Head_other";"Leg_no";"Hand_L.no";"Hand_R.obtou"
"192";191;"Voc_speak";"Look_look";"Head_other";"Leg_no";"Hand_L.no";"Hand_R.obtou"
"193";192;"Voc_speak";"Look_look";"Head_other";"Leg_move";"Hand_L.no";"Hand_R.obtou"
"194";193;"Voc_speak";"Look_look";"Head_other";"Leg_move";"Hand_L.botou";"Hand_R.gest"
"195";194;"Voc_speak";"Look_look";"Head_other";"Leg_move";"Hand_L.botou";"Hand_R.gest"
"196";195;"Voc_speak";"Look_look";"Head_other";"Leg_move";"Hand_L.botou";"Hand_R.gest"
"197";196;"Voc_speak";"Look_look";"Head_other";"Leg_move";"Hand_L.botou";"Hand_R.gest"
"198";197;"Voc_speak";"Look_look";"Head_other";"Leg_move";"Hand_L.botou";"Hand_R.gest"
"199";198;"Voc_bch";"Look_look";"Head_other";"Leg_no";"Hand_L.botou";"Hand_R.gest"
"200";199;"Voc_no";"Look_look";"Head_no";"Leg_move";"Hand_L.botou";"Hand_R.gest"
"201";200;"Voc_speak";"Look_no";"Head_no";"Leg_move";"Hand_L.botou";"Hand_R.gest"
"202";201;"Voc_speak";"Look_no";"Head_no";"Leg_move";"Hand_L.botou";"Hand_R.gest"
"203";202;"Voc_speak";"Look_look";"Head_no";"Leg_move";"Hand_L.botou";"Hand_R.gest"
"204";203;"Voc_speak";"Look_look";"Head_nod";"Leg_move";"Hand_L.botou";"Hand_R.gest"
"205";204;"Voc_bch";"Look_look";"Head_nod";"Leg_move";"Hand_L.botou";"Hand_R.gest"
"206";205;"Voc_bch";"Look_look";"Head_nod";"Leg_move";"Hand_L.botou";"Hand_R.gest"
"207";206;"Voc_bch";"Look_look";"Head_nod";"Leg_move";"Hand_L.botou";"Hand_R.gest"
"208";207;"Voc_bch";"Look_look";"Head_nod";"Leg_no";"Hand_L.botou";"Hand_R.gest"
"209";208;"Voc_no";"Look_look";"Head_nod";"Leg_no";"Hand_L.no";"Hand_R.gest"
"210";209;"Voc_no";"Look_look";"Head_no";"Leg_no";"Hand_L.no";"Hand_R.gest"
"211";210;"Voc_no";"Look_look";"Head_no";"Leg_no";"Hand_L.no";"Hand_R.gest"
"212";211;"Voc_no";"Look_look";"Head_nod";"Leg_no";"Hand_L.no";"Hand_R.gest"
"213";212;"Voc_bch";"Look_no";"Head_nod";"Leg_move";"Hand_L.no";"Hand_R.gest"
"214";213;"Voc_bch";"Look_look";"Head_nod";"Leg_move";"Hand_L.no";"Hand_R.gest"
"215";214;"Voc_no";"Look_look";"Head_nod";"Leg_move";"Hand_L.no";"Hand_R.gest"
"216";215;"Voc_no";"Look_look";"Head_no";"Leg_move";"Hand_L.no";"Hand_R.gest"
"217";216;"Voc_no";"Look_look";"Head_no";"Leg_move";"Hand_L.no";"Hand_R.gest"
"218";217;"Voc_no";"Look_look";"Head_no";"Leg_no";"Hand_L.no";"Hand_R.gest"
"219";218;"Voc_no";"Look_look";"Head_no";"Leg_no";"Hand_L.no";"Hand_R.gest"
"220";219;"Voc_speak";"Look_look";"Head_no";"Leg_no";"Hand_L.no";"Hand_R.gest"
"221";220;"Voc_speak";"Look_look";"Head_no";"Leg_move";"Hand_L.no";"Hand_R.gest"
"222";221;"Voc_speak";"Look_look";"Head_no";"Leg_move";"Hand_L.no";"Hand_R.gest"
"223";222;"Voc_speak";"Look_no";"Head_nod";"Leg_move";"Hand_L.no";"Hand_R.gest"
"224";223;"Voc_bch";"Look_look";"Head_nod";"Leg_move";"Hand_L.no";"Hand_R.gest"
"225";224;"Voc_bch";"Look_look";"Head_nod";"Leg_move";"Hand_L.no";"Hand_R.gest"
"226";225;"Voc_no";"Look_look";"Head_no";"Leg_move";"Hand_L.botou";"Hand_R.gest"
"227";226;"Voc_speak";"Look_look";"Head_other";"Leg_move";"Hand_L.botou";"Hand_R.gest"
"228";227;"Voc_speak";"Look_look";"Head_other";"Leg_move";"Hand_L.gest";"Hand_R.gest"
"229";228;"Voc_speak";"Look_look";"Head_other";"Leg_move";"Hand_L.gest";"Hand_R.gest"
"230";229;"Voc_no";"Look_look";"Head_other";"Leg_move";"Hand_L.botou";"Hand_R.gest"
"231";230;"Voc_no";"Look_look";"Head_no";"Leg_move";"Hand_L.botou";"Hand_R.gest"
"232";231;"Voc_no";"Look_look";"Head_shake";"Leg_move";"Hand_L.botou";"Hand_R.gest"
"233";232;"Voc_no";"Look_look";"Head_shake";"Leg_move";"Hand_L.botou";"Hand_R.gest"
"234";233;"Voc_speak";"Look_look";"Head_shake";"Leg_move";"Hand_L.botou";"Hand_R.gest"
"235";234;"Voc_speak";"Look_look";"Head_shake";"Leg_move";"Hand_L.botou";"Hand_R.obtou"
"236";235;"Voc_speak";"Look_look";"Head_shake";"Leg_move";"Hand_L.botou";"Hand_R.obtou"
"237";236;"Voc_speak";"Look_look";"Head_other";"Leg_no";"Hand_L.botou";"Hand_R.obtou"
"238";237;"Voc_speak";"Look_look";"Head_other";"Leg_no";"Hand_L.botou";"Hand_R.obtou"
"239";238;"Voc_speak";"Look_no";"Head_other";"Leg_no";"Hand_L.botou";"Hand_R.obtou"
"240";239;"Voc_speak";"Look_no";"Head_other";"Leg_no";"Hand_L.botou";"Hand_R.obtou"
"241";240;"Voc_speak";"Look_look";"Head_other";"Leg_no";"Hand_L.botou";"Hand_R.obtou"
"242";241;"Voc_no";"Look_look";"Head_other";"Leg_no";"Hand_L.botou";"Hand_R.obtou"
"243";242;"Voc_no";"Look_look";"Head_other";"Leg_no";"Hand_L.botou";"Hand_R.obtou"
"244";243;"Voc_bch";"Look_look";"Head_no";"Leg_no";"Hand_L.botou";"Hand_R.obtou"
"245";244;"Voc_speak";"Look_look";"Head_no";"Leg_no";"Hand_L.botou";"Hand_R.obtou"
"246";245;"Voc_speak";"Look_look";"Head_other";"Leg_no";"Hand_L.botou";"Hand_R.obtou"
"247";246;"Voc_speak";"Look_look";"Head_other";"Leg_no";"Hand_L.botou";"Hand_R.obtou"
"248";247;"Voc_speak";"Look_no";"Head_other";"Leg_no";"Hand_L.botou";"Hand_R.obtou"
"249";248;"Voc_speak";"Look_look";"Head_other";"Leg_no";"Hand_L.no";"Hand_R.obtou"
"250";249;"Voc_speak";"Look_look";"Head_other";"Leg_no";"Hand_L.no";"Hand_R.obtou"
"251";250;"Voc_speak";"Look_no";"Head_other";"Leg_no";"Hand_L.no";"Hand_R.obtou"
"252";251;"Voc_speak";"Look_look";"Head_other";"Leg_no";"Hand_L.no";"Hand_R.obtou"
"253";252;"Voc_speak";"Look_look";"Head_other";"Leg_no";"Hand_L.no";"Hand_R.obtou"
"254";253;"Voc_speak";"Look_no";"Head_other";"Leg_no";"Hand_L.botou";"Hand_R.obtou"
"255";254;"Voc_speak";"Look_no";"Head_other";"Leg_no";"Hand_L.botou";"Hand_R.obtou"
"256";255;"Voc_speak";"Look_no";"Head_other";"Leg_no";"Hand_L.botou";"Hand_R.obtou"
"257";256;"Voc_speak";"Look_no";"Head_other";"Leg_no";"Hand_L.botou";"Hand_R.obtou"
"258";257;"Voc_speak";"Look_no";"Head_other";"Leg_no";"Hand_L.botou";"Hand_R.obtou"
"259";258;"Voc_speak";"Look_no";"Head_other";"Leg_move";"Hand_L.gest";"Hand_R.obtou"
"260";259;"Voc_speak";"Look_look";"Head_other";"Leg_move";"Hand_L.gest";"Hand_R.obtou"
"261";260;"Voc_no";"Look_look";"Head_other";"Leg_move";"Hand_L.botou";"Hand_R.gest"
"262";261;"Voc_no";"Look_no";"Head_no";"Leg_move";"Hand_L.botou";"Hand_R.gest"
"263";262;"Voc_no";"Look_no";"Head_no";"Leg_move";"Hand_L.botou";"Hand_R.gest"
"264";263;"Voc_no";"Look_look";"Head_no";"Leg_move";"Hand_L.gest";"Hand_R.gest"
"265";264;"Voc_no";"Look_look";"Head_no";"Leg_move";"Hand_L.gest";"Hand_R.gest"
"266";265;"Voc_bch";"Look_look";"Head_no";"Leg_move";"Hand_L.botou";"Hand_R.gest"
"267";266;"Voc_speak";"Look_look";"Head_other";"Leg_move";"Hand_L.botou";"Hand_R.gest"
"268";267;"Voc_speak";"Look_look";"Head_other";"Leg_move";"Hand_L.botou";"Hand_R.gest"
"269";268;"Voc_speak";"Look_look";"Head_other";"Leg_move";"Hand_L.botou";"Hand_R.gest"
"270";269;"Voc_speak";"Look_look";"Head_other";"Leg_move";"Hand_L.botou";"Hand_R.gest"
"271";270;"Voc_speak";"Look_look";"Head_other";"Leg_move";"Hand_L.no";"Hand_R.obtou"
"272";271;"Voc_no";"Look_look";"Head_other";"Leg_move";"Hand_L.no";"Hand_R.obtou"
"273";272;"Voc_no";"Look_look";"Head_other";"Leg_move";"Hand_L.no";"Hand_R.obtou"
"274";273;"Voc_no";"Look_look";"Head_nod";"Leg_move";"Hand_L.botou";"Hand_R.obtou"
"275";274;"Voc_no";"Look_look";"Head_nod";"Leg_move";"Hand_L.botou";"Hand_R.gest"
"276";275;"Voc_bch";"Look_look";"Head_nod";"Leg_move";"Hand_L.botou";"Hand_R.gest"
"277";276;"Voc_speak";"Look_look";"Head_nod";"Leg_move";"Hand_L.botou";"Hand_R.gest"
"278";277;"Voc_speak";"Look_no";"Head_nod";"Leg_move";"Hand_L.botou";"Hand_R.gest"
"279";278;"Voc_speak";"Look_no";"Head_nod";"Leg_move";"Hand_L.botou";"Hand_R.gest"
"280";279;"Voc_speak";"Look_no";"Head_nod";"Leg_move";"Hand_L.botou";"Hand_R.gest"
"281";280;"Voc_speak";"Look_no";"Head_other";"Leg_move";"Hand_L.botou";"Hand_R.gest"
"282";281;"Voc_speak";"Look_no";"Head_other";"Leg_no";"Hand_L.botou";"Hand_R.gest"
"283";282;"Voc_speak";"Look_look";"Head_other";"Leg_no";"Hand_L.botou";"Hand_R.gest"
"284";283;"Voc_no";"Look_look";"Head_no";"Leg_no";"Hand_L.botou";"Hand_R.obtou"
"285";284;"Voc_no";"Look_look";"Head_no";"Leg_no";"Hand_L.botou";"Hand_R.obtou"
"286";285;"Voc_no";"Look_no";"Head_no";"Leg_no";"Hand_L.botou";"Hand_R.obtou"
"287";286;"Voc_no";"Look_no";"Head_nod";"Leg_move";"Hand_L.botou";"Hand_R.obtou"
"288";287;"Voc_bch";"Look_look";"Head_nod";"Leg_move";"Hand_L.botou";"Hand_R.obtou"
"289";288;"Voc_bch";"Look_look";"Head_nod";"Leg_move";"Hand_L.botou";"Hand_R.gest"
"290";289;"Voc_no";"Look_look";"Head_nod";"Leg_move";"Hand_L.botou";"Hand_R.gest"
"291";290;"Voc_no";"Look_look";"Head_nod";"Leg_move";"Hand_L.botou";"Hand_R.gest"
"292";291;"Voc_speak";"Look_look";"Head_no";"Leg_move";"Hand_L.botou";"Hand_R.gest"
"293";292;"Voc_speak";"Look_look";"Head_other";"Leg_move";"Hand_L.botou";"Hand_R.gest"
"294";293;"Voc_speak";"Look_look";"Head_other";"Leg_move";"Hand_L.botou";"Hand_R.gest"
"295";294;"Voc_speak";"Look_look";"Head_other";"Leg_move";"Hand_L.botou";"Hand_R.gest"
"296";295;"Voc_speak";"Look_look";"Head_other";"Leg_move";"Hand_L.botou";"Hand_R.gest"
"297";296;"Voc_speak";"Look_no";"Head_other";"Leg_no";"Hand_L.botou";"Hand_R.gest"
"298";297;"Voc_speak";"Look_look";"Head_other";"Leg_no";"Hand_L.botou";"Hand_R.gest"
"299";298;"Voc_speak";"Look_look";"Head_other";"Leg_move";"Hand_L.botou";"Hand_R.gest"
"300";299;"Voc_speak";"Look_look";"Head_other";"Leg_move";"Hand_L.botou";"Hand_R.gest"
"301";300;"Voc_speak";"Look_look";"Head_other";"Leg_move";"Hand_L.botou";"Hand_R.gest"
"302";301;"Voc_bch";"Look_look";"Head_nod";"Leg_move";"Hand_L.botou";"Hand_R.gest"
"303";302;"Voc_bch";"Look_look";"Head_nod";"Leg_move";"Hand_L.botou";"Hand_R.gest"
"304";303;"Voc_bch";"Look_look";"Head_nod";"Leg_no";"Hand_L.botou";"Hand_R.gest"
"305";304;"Voc_speak";"Look_look";"Head_no";"Leg_no";"Hand_L.botou";"Hand_R.gest"
"306";305;"Voc_speak";"Look_look";"Head_nod";"Leg_no";"Hand_L.botou";"Hand_R.gest"
"307";306;"Voc_speak";"Look_look";"Head_nod";"Leg_no";"Hand_L.botou";"Hand_R.gest"
"308";307;"Voc_speak";"Look_look";"Head_nod";"Leg_no";"Hand_L.botou";"Hand_R.gest"
"309";308;"Voc_speak";"Look_look";"Head_nod";"Leg_no";"Hand_L.botou";"Hand_R.gest"
"310";309;"Voc_no";"Look_look";"Head_no";"Leg_no";"Hand_L.botou";"Hand_R.gest"
"311";310;"Voc_bch";"Look_look";"Head_nod";"Leg_no";"Hand_L.botou";"Hand_R.gest"
"312";311;"Voc_bch";"Look_look";"Head_nod";"Leg_no";"Hand_L.botou";"Hand_R.gest"
"313";312;"Voc_speak";"Look_look";"Head_nod";"Leg_no";"Hand_L.botou";"Hand_R.gest"
"314";313;"Voc_speak";"Look_look";"Head_other";"Leg_move";"Hand_L.botou";"Hand_R.gest"
"315";314;"Voc_speak";"Look_look";"Head_other";"Leg_move";"Hand_L.botou";"Hand_R.gest"
"316";315;"Voc_speak";"Look_look";"Head_other";"Leg_no";"Hand_L.botou";"Hand_R.gest"
"317";316;"Voc_speak";"Look_no";"Head_other";"Leg_no";"Hand_L.botou";"Hand_R.gest"
"318";317;"Voc_speak";"Look_look";"Head_other";"Leg_move";"Hand_L.botou";"Hand_R.gest"
"319";318;"Voc_bch";"Look_look";"Head_other";"Leg_move";"Hand_L.botou";"Hand_R.gest"
"320";319;"Voc_no";"Look_look";"Head_other";"Leg_move";"Hand_L.botou";"Hand_R.gest"
"321";320;"Voc_bch";"Look_look";"Head_no";"Leg_no";"Hand_L.botou";"Hand_R.gest"
"322";321;"Voc_speak";"Look_no";"Head_no";"Leg_no";"Hand_L.botou";"Hand_R.gest"
"323";322;"Voc_speak";"Look_no";"Head_other";"Leg_move";"Hand_L.botou";"Hand_R.gest"
"324";323;"Voc_speak";"Look_no";"Head_other";"Leg_move";"Hand_L.botou";"Hand_R.gest"
"325";324;"Voc_speak";"Look_no";"Head_other";"Leg_move";"Hand_L.botou";"Hand_R.gest"
"326";325;"Voc_speak";"Look_look";"Head_other";"Leg_move";"Hand_L.botou";"Hand_R.gest"
"327";326;"Voc_speak";"Look_look";"Head_other";"Leg_move";"Hand_L.botou";"Hand_R.gest"
"328";327;"Voc_no";"Look_look";"Head_other";"Leg_move";"Hand_L.botou";"Hand_R.gest"
"329";328;"Voc_bch";"Look_look";"Head_nod";"Leg_move";"Hand_L.botou";"Hand_R.gest"
"330";329;"Voc_bch";"Look_look";"Head_nod";"Leg_move";"Hand_L.botou";"Hand_R.gest"
"331";330;"Voc_bch";"Look_look";"Head_nod";"Leg_move";"Hand_L.botou";"Hand_R.gest"
"332";331;"Voc_bch";"Look_look";"Head_nod";"Leg_move";"Hand_L.botou";"Hand_R.gest"
"333";332;"Voc_no";"Look_look";"Head_no";"Leg_move";"Hand_L.botou";"Hand_R.gest"
"334";333;"Voc_no";"Look_no";"Head_no";"Leg_move";"Hand_L.botou";"Hand_R.gest"
"335";334;"Voc_speak";"Look_no";"Head_other";"Leg_no";"Hand_L.botou";"Hand_R.gest"
"336";335;"Voc_speak";"Look_no";"Head_other";"Leg_move";"Hand_L.botou";"Hand_R.gest"
"337";336;"Voc_speak";"Look_look";"Head_other";"Leg_move";"Hand_L.no";"Hand_R.obtou"
"338";337;"Voc_speak";"Look_look";"Head_other";"Leg_move";"Hand_L.no";"Hand_R.obtou"
"339";338;"Voc_speak";"Look_no";"Head_other";"Leg_move";"Hand_L.no";"Hand_R.obtou"
"340";339;"Voc_speak";"Look_no";"Head_other";"Leg_move";"Hand_L.botou";"Hand_R.gest"
"341";340;"Voc_speak";"Look_no";"Head_other";"Leg_move";"Hand_L.botou";"Hand_R.gest"
"342";341;"Voc_speak";"Look_no";"Head_other";"Leg_move";"Hand_L.botou";"Hand_R.gest"
"343";342;"Voc_speak";"Look_look";"Head_other";"Leg_move";"Hand_L.botou";"Hand_R.gest"
"344";343;"Voc_speak";"Look_look";"Head_other";"Leg_move";"Hand_L.botou";"Hand_R.gest"
"345";344;"Voc_speak";"Look_no";"Head_other";"Leg_move";"Hand_L.botou";"Hand_R.gest"
"346";345;"Voc_speak";"Look_look";"Head_other";"Leg_move";"Hand_L.botou";"Hand_R.gest"
"347";346;"Voc_speak";"Look_look";"Head_other";"Leg_move";"Hand_L.botou";"Hand_R.gest"
"348";347;"Voc_speak";"Look_look";"Head_other";"Leg_move";"Hand_L.botou";"Hand_R.obtou"
"349";348;"Voc_speak";"Look_look";"Head_other";"Leg_no";"Hand_L.no";"Hand_R.obtou"
"350";349;"Voc_speak";"Look_look";"Head_other";"Leg_no";"Hand_L.botou";"Hand_R.obtou"
"351";350;"Voc_speak";"Look_look";"Head_other";"Leg_no";"Hand_L.botou";"Hand_R.obtou"
"352";351;"Voc_speak";"Look_look";"Head_other";"Leg_no";"Hand_L.botou";"Hand_R.obtou"
"353";352;"Voc_no";"Look_look";"Head_no";"Leg_no";"Hand_L.botou";"Hand_R.obtou"
"354";353;"Voc_no";"Look_look";"Head_no";"Leg_no";"Hand_L.botou";"Hand_R.obtou"
"355";354;"Voc_bch";"Look_look";"Head_no";"Leg_move";"Hand_L.botou";"Hand_R.obtou"
"356";355;"Voc_bch";"Look_look";"Head_no";"Leg_move";"Hand_L.botou";"Hand_R.obtou"
"357";356;"Voc_speak";"Look_look";"Head_other";"Leg_move";"Hand_L.botou";"Hand_R.obtou"
"358";357;"Voc_speak";"Look_look";"Head_other";"Leg_move";"Hand_L.botou";"Hand_R.obtou"
"359";358;"Voc_speak";"Look_look";"Head_other";"Leg_move";"Hand_L.botou";"Hand_R.obtou"
"360";359;"Voc_speak";"Look_look";"Head_other";"Leg_no";"Hand_L.botou";"Hand_R.obtou"
"361";360;"Voc_speak";"Look_look";"Head_other";"Leg_move";"Hand_L.gest";"Hand_R.obtou"
"362";361;"Voc_speak";"Look_look";"Head_other";"Leg_move";"Hand_L.gest";"Hand_R.obtou"
"363";362;"Voc_speak";"Look_look";"Head_other";"Leg_move";"Hand_L.botou";"Hand_R.obtou"
"364";363;"Voc_speak";"Look_look";"Head_other";"Leg_move";"Hand_L.botou";"Hand_R.obtou"
"365";364;"Voc_speak";"Look_look";"Head_other";"Leg_move";"Hand_L.botou";"Hand_R.obtou"
"366";365;"Voc_speak";"Look_no";"Head_other";"Leg_move";"Hand_L.botou";"Hand_R.obtou"
"367";366;"Voc_bch";"Look_no";"Head_other";"Leg_move";"Hand_L.no";"Hand_R.obtou"
"368";367;"Voc_no";"Look_no";"Head_other";"Leg_move";"Hand_L.no";"Hand_R.obtou"
"369";368;"Voc_no";"Look_no";"Head_other";"Leg_move";"Hand_L.no";"Hand_R.obtou"
"370";369;"Voc_no";"Look_no";"Head_other";"Leg_no";"Hand_L.no";"Hand_R.obtou"
"371";370;"Voc_no";"Look_look";"Head_other";"Leg_no";"Hand_L.no";"Hand_R.obtou"
"372";371;"Voc_speak";"Look_look";"Head_other";"Leg_no";"Hand_L.no";"Hand_R.obtou"
"373";372;"Voc_speak";"Look_no";"Head_other";"Leg_no";"Hand_L.no";"Hand_R.obtou"
"374";373;"Voc_speak";"Look_no";"Head_other";"Leg_no";"Hand_L.no";"Hand_R.obtou"
"375";374;"Voc_speak";"Look_no";"Head_other";"Leg_no";"Hand_L.no";"Hand_R.obtou"
"376";375;"Voc_speak";"Look_no";"Head_other";"Leg_no";"Hand_L.no";"Hand_R.obtou"
"377";376;"Voc_speak";"Look_look";"Head_other";"Leg_no";"Hand_L.no";"Hand_R.obtou"
"378";377;"Voc_speak";"Look_look";"Head_other";"Leg_no";"Hand_L.no";"Hand_R.obtou"
"379";378;"Voc_speak";"Look_look";"Head_other";"Leg_no";"Hand_L.no";"Hand_R.obtou"
"380";379;"Voc_speak";"Look_no";"Head_other";"Leg_no";"Hand_L.no";"Hand_R.obtou"
"381";380;"Voc_speak";"Look_look";"Head_other";"Leg_no";"Hand_L.no";"Hand_R.obtou"
"382";381;"Voc_speak";"Look_look";"Head_shake";"Leg_no";"Hand_L.no";"Hand_R.obtou"
"383";382;"Voc_speak";"Look_look";"Head_shake";"Leg_no";"Hand_L.no";"Hand_R.obtou"
"384";383;"Voc_speak";"Look_look";"Head_shake";"Leg_no";"Hand_L.no";"Hand_R.obtou"
"385";384;"Voc_speak";"Look_look";"Head_shake";"Leg_no";"Hand_L.no";"Hand_R.obtou"
"386";385;"Voc_speak";"Look_look";"Head_shake";"Leg_no";"Hand_L.no";"Hand_R.obtou"
"387";386;"Voc_speak";"Look_look";"Head_shake";"Leg_no";"Hand_L.no";"Hand_R.obtou"
"388";387;"Voc_speak";"Look_look";"Head_other";"Leg_no";"Hand_L.no";"Hand_R.obtou"
"389";388;"Voc_speak";"Look_look";"Head_other";"Leg_no";"Hand_L.no";"Hand_R.obtou"
"390";389;"Voc_speak";"Look_look";"Head_other";"Leg_no";"Hand_L.no";"Hand_R.obtou"
"391";390;"Voc_speak";"Look_look";"Head_other";"Leg_no";"Hand_L.no";"Hand_R.obtou"
"392";391;"Voc_speak";"Look_look";"Head_other";"Leg_no";"Hand_L.no";"Hand_R.obtou"
"393";392;"Voc_speak";"Look_look";"Head_other";"Leg_no";"Hand_L.no";"Hand_R.obtou"
"394";393;"Voc_speak";"Look_look";"Head_other";"Leg_no";"Hand_L.no";"Hand_R.obtou"
"395";394;"Voc_speak";"Look_look";"Head_other";"Leg_move";"Hand_L.botou";"Hand_R.gest"
"396";395;"Voc_speak";"Look_look";"Head_other";"Leg_move";"Hand_L.botou";"Hand_R.gest"
"397";396;"Voc_speak";"Look_no";"Head_other";"Leg_move";"Hand_L.botou";"Hand_R.gest"
"398";397;"Voc_speak";"Look_look";"Head_other";"Leg_no";"Hand_L.botou";"Hand_R.gest"
"399";398;"Voc_speak";"Look_look";"Head_other";"Leg_move";"Hand_L.botou";"Hand_R.gest"
"400";399;"Voc_speak";"Look_look";"Head_other";"Leg_move";"Hand_L.botou";"Hand_R.gest"
"401";400;"Voc_no";"Look_look";"Head_other";"Leg_move";"Hand_L.botou";"Hand_R.gest"
"402";401;"Voc_no";"Look_no";"Head_other";"Leg_move";"Hand_L.botou";"Hand_R.gest"
"403";402;"Voc_no";"Look_look";"Head_other";"Leg_no";"Hand_L.botou";"Hand_R.gest"
"404";403;"Voc_bch";"Look_look";"Head_nod";"Leg_no";"Hand_L.botou";"Hand_R.gest"
"405";404;"Voc_bch";"Look_no";"Head_nod";"Leg_no";"Hand_L.botou";"Hand_R.gest"
"406";405;"Voc_speak";"Look_no";"Head_nod";"Leg_move";"Hand_L.botou";"Hand_R.gest"
"407";406;"Voc_speak";"Look_no";"Head_other";"Leg_move";"Hand_L.gest";"Hand_R.gest"
"408";407;"Voc_speak";"Look_no";"Head_other";"Leg_move";"Hand_L.gest";"Hand_R.gest"
"409";408;"Voc_no";"Look_no";"Head_other";"Leg_move";"Hand_L.gest";"Hand_R.gest"
"410";409;"Voc_speak";"Look_no";"Head_other";"Leg_move";"Hand_L.botou";"Hand_R.gest"
"411";410;"Voc_speak";"Look_no";"Head_other";"Leg_move";"Hand_L.botou";"Hand_R.gest"
"412";411;"Voc_speak";"Look_look";"Head_other";"Leg_move";"Hand_L.botou";"Hand_R.gest"
"413";412;"Voc_speak";"Look_look";"Head_other";"Leg_move";"Hand_L.botou";"Hand_R.gest"
"414";413;"Voc_speak";"Look_look";"Head_other";"Leg_move";"Hand_L.botou";"Hand_R.gest"
"415";414;"Voc_speak";"Look_look";"Head_other";"Leg_no";"Hand_L.no";"Hand_R.obtou"
"416";415;"Voc_speak";"Look_no";"Head_other";"Leg_no";"Hand_L.no";"Hand_R.obtou"
"417";416;"Voc_speak";"Look_no";"Head_other";"Leg_move";"Hand_L.gest";"Hand_R.obtou"
"418";417;"Voc_speak";"Look_no";"Head_other";"Leg_move";"Hand_L.gest";"Hand_R.obtou"
"419";418;"Voc_speak";"Look_no";"Head_other";"Leg_move";"Hand_L.gest";"Hand_R.obtou"
"420";419;"Voc_speak";"Look_look";"Head_other";"Leg_move";"Hand_L.gest";"Hand_R.other"
"421";420;"Voc_speak";"Look_look";"Head_other";"Leg_move";"Hand_L.gest";"Hand_R.other"
"422";421;"Voc_speak";"Look_no";"Head_other";"Leg_move";"Hand_L.gest";"Hand_R.other"
"423";422;"Voc_speak";"Look_no";"Head_other";"Leg_move";"Hand_L.gest";"Hand_R.gest"
"424";423;"Voc_speak";"Look_no";"Head_other";"Leg_move";"Hand_L.botou";"Hand_R.gest"
"425";424;"Voc_speak";"Look_no";"Head_other";"Leg_move";"Hand_L.botou";"Hand_R.gest"
"426";425;"Voc_speak";"Look_no";"Head_other";"Leg_move";"Hand_L.botou";"Hand_R.gest"
"427";426;"Voc_speak";"Look_no";"Head_other";"Leg_move";"Hand_L.gest";"Hand_R.gest"
"428";427;"Voc_speak";"Look_look";"Head_other";"Leg_move";"Hand_L.gest";"Hand_R.other"
"429";428;"Voc_speak";"Look_look";"Head_other";"Leg_move";"Hand_L.gest";"Hand_R.gest"
"430";429;"Voc_speak";"Look_look";"Head_other";"Leg_move";"Hand_L.botou";"Hand_R.gest"
"431";430;"Voc_speak";"Look_look";"Head_other";"Leg_move";"Hand_L.botou";"Hand_R.gest"
"432";431;"Voc_speak";"Look_look";"Head_other";"Leg_move";"Hand_L.botou";"Hand_R.gest"
"433";432;"Voc_speak";"Look_no";"Head_other";"Leg_move";"Hand_L.no";"Hand_R.obtou"
"434";433;"Voc_speak";"Look_no";"Head_other";"Leg_move";"Hand_L.no";"Hand_R.obtou"
"435";434;"Voc_speak";"Look_no";"Head_other";"Leg_move";"Hand_L.no";"Hand_R.obtou"
"436";435;"Voc_speak";"Look_no";"Head_other";"Leg_move";"Hand_L.no";"Hand_R.obtou"
"437";436;"Voc_speak";"Look_no";"Head_other";"Leg_no";"Hand_L.no";"Hand_R.obtou"
"438";437;"Voc_speak";"Look_look";"Head_other";"Leg_move";"Hand_L.botou";"Hand_R.gest"
"439";438;"Voc_speak";"Look_look";"Head_other";"Leg_move";"Hand_L.botou";"Hand_R.gest"
"440";439;"Voc_speak";"Look_look";"Head_other";"Leg_move";"Hand_L.botou";"Hand_R.gest"
"441";440;"Voc_speak";"Look_look";"Head_other";"Leg_move";"Hand_L.botou";"Hand_R.gest"
"442";441;"Voc_speak";"Look_look";"Head_other";"Leg_move";"Hand_L.botou";"Hand_R.gest"
"443";442;"Voc_speak";"Look_look";"Head_other";"Leg_move";"Hand_L.botou";"Hand_R.gest"
"444";443;"Voc_speak";"Look_look";"Head_other";"Leg_move";"Hand_L.botou";"Hand_R.gest"
"445";444;"Voc_speak";"Look_look";"Head_other";"Leg_move";"Hand_L.botou";"Hand_R.gest"
"446";445;"Voc_speak";"Look_look";"Head_other";"Leg_no";"Hand_L.botou";"Hand_R.gest"
"447";446;"Voc_speak";"Look_look";"Head_other";"Leg_no";"Hand_L.botou";"Hand_R.gest"
"448";447;"Voc_speak";"Look_look";"Head_other";"Leg_no";"Hand_L.no";"Hand_R.obtou"
"449";448;"Voc_speak";"Look_look";"Head_other";"Leg_no";"Hand_L.no";"Hand_R.obtou"
"450";449;"Voc_speak";"Look_look";"Head_other";"Leg_move";"Hand_L.no";"Hand_R.obtou"
"451";450;"Voc_speak";"Look_look";"Head_other";"Leg_move";"Hand_L.no";"Hand_R.gest"
"452";451;"Voc_speak";"Look_look";"Head_other";"Leg_move";"Hand_L.botou";"Hand_R.gest"
"453";452;"Voc_speak";"Look_look";"Head_other";"Leg_move";"Hand_L.botou";"Hand_R.gest"
"454";453;"Voc_speak";"Look_look";"Head_other";"Leg_no";"Hand_L.botou";"Hand_R.gest"
"455";454;"Voc_speak";"Look_look";"Head_other";"Leg_no";"Hand_L.botou";"Hand_R.gest"
"456";455;"Voc_no";"Look_look";"Head_other";"Leg_move";"Hand_L.botou";"Hand_R.gest"
"457";456;"Voc_no";"Look_no";"Head_no";"Leg_move";"Hand_L.botou";"Hand_R.gest"
"458";457;"Voc_no";"Look_no";"Head_no";"Leg_move";"Hand_L.botou";"Hand_R.gest"
"459";458;"Voc_no";"Look_no";"Head_no";"Leg_move";"Hand_L.botou";"Hand_R.gest"
"460";459;"Voc_no";"Look_no";"Head_no";"Leg_move";"Hand_L.gest";"Hand_R.gest"
"461";460;"Voc_bch";"Look_look";"Head_no";"Leg_move";"Hand_L.gest";"Hand_R.gest"
"462";461;"Voc_bch";"Look_look";"Head_no";"Leg_move";"Hand_L.botou";"Hand_R.gest"
"463";462;"Voc_no";"Look_look";"Head_nod";"Leg_move";"Hand_L.botou";"Hand_R.gest"
"464";463;"Voc_bch";"Look_look";"Head_nod";"Leg_move";"Hand_L.botou";"Hand_R.gest"
"465";464;"Voc_bch";"Look_look";"Head_nod";"Leg_move";"Hand_L.botou";"Hand_R.gest"
"466";465;"Voc_speak";"Look_look";"Head_nod";"Leg_move";"Hand_L.no";"Hand_R.obtou"
"467";466;"Voc_speak";"Look_look";"Head_other";"Leg_move";"Hand_L.no";"Hand_R.obtou"
"468";467;"Voc_speak";"Look_look";"Head_other";"Leg_move";"Hand_L.no";"Hand_R.obtou"
"469";468;"Voc_speak";"Look_look";"Head_other";"Leg_no";"Hand_L.no";"Hand_R.obtou"
"470";469;"Voc_speak";"Look_no";"Head_other";"Leg_no";"Hand_L.no";"Hand_R.obtou"
"471";470;"Voc_speak";"Look_look";"Head_other";"Leg_no";"Hand_L.no";"Hand_R.obtou"
"472";471;"Voc_bch";"Look_look";"Head_other";"Leg_no";"Hand_L.no";"Hand_R.obtou"
"473";472;"Voc_speak";"Look_look";"Head_other";"Leg_no";"Hand_L.no";"Hand_R.obtou"
"474";473;"Voc_speak";"Look_look";"Head_other";"Leg_no";"Hand_L.no";"Hand_R.obtou"
"475";474;"Voc_speak";"Look_look";"Head_other";"Leg_no";"Hand_L.no";"Hand_R.obtou"
"476";475;"Voc_speak";"Look_look";"Head_other";"Leg_no";"Hand_L.no";"Hand_R.obtou"
"477";476;"Voc_no";"Look_no";"Head_other";"Leg_no";"Hand_L.no";"Hand_R.obtou"
"478";477;"Voc_speak";"Look_look";"Head_nod";"Leg_no";"Hand_L.no";"Hand_R.obtou"
"479";478;"Voc_speak";"Look_look";"Head_nod";"Leg_no";"Hand_L.no";"Hand_R.obtou"
"480";479;"Voc_no";"Look_look";"Head_nod";"Leg_no";"Hand_L.no";"Hand_R.obtou"
"481";480;"Voc_no";"Look_look";"Head_nod";"Leg_no";"Hand_L.no";"Hand_R.obtou"
"482";481;"Voc_no";"Look_look";"Head_nod";"Leg_no";"Hand_L.no";"Hand_R.obtou"
"483";482;"Voc_bch";"Look_no";"Head_nod";"Leg_no";"Hand_L.no";"Hand_R.obtou"
"484";483;"Voc_bch";"Look_no";"Head_no";"Leg_no";"Hand_L.no";"Hand_R.obtou"
"485";484;"Voc_bch";"Look_no";"Head_no";"Leg_move";"Hand_L.no";"Hand_R.obtou"
"486";485;"Voc_bch";"Look_no";"Head_nod";"Leg_move";"Hand_L.no";"Hand_R.obtou"
"487";486;"Voc_no";"Look_look";"Head_nod";"Leg_move";"Hand_L.botou";"Hand_R.gest"
"488";487;"Voc_no";"Look_look";"Head_no";"Leg_move";"Hand_L.botou";"Hand_R.gest"
"489";488;"Voc_no";"Look_look";"Head_no";"Leg_move";"Hand_L.botou";"Hand_R.gest"
"490";489;"Voc_speak";"Look_look";"Head_no";"Leg_move";"Hand_L.botou";"Hand_R.gest"
"491";490;"Voc_speak";"Look_no";"Head_no";"Leg_no";"Hand_L.botou";"Hand_R.gest"
"492";491;"Voc_speak";"Look_no";"Head_no";"Leg_no";"Hand_L.botou";"Hand_R.gest"
"493";492;"Voc_speak";"Look_look";"Head_no";"Leg_no";"Hand_L.botou";"Hand_R.gest"
"494";493;"Voc_speak";"Look_look";"Head_no";"Leg_no";"Hand_L.botou";"Hand_R.gest"
"495";494;"Voc_speak";"Look_look";"Head_other";"Leg_no";"Hand_L.botou";"Hand_R.obtou"
"496";495;"Voc_speak";"Look_look";"Head_other";"Leg_no";"Hand_L.botou";"Hand_R.obtou"
"497";496;"Voc_speak";"Look_look";"Head_other";"Leg_no";"Hand_L.botou";"Hand_R.obtou"
"498";497;"Voc_speak";"Look_look";"Head_other";"Leg_no";"Hand_L.botou";"Hand_R.obtou"
"499";498;"Voc_speak";"Look_look";"Head_other";"Leg_no";"Hand_L.botou";"Hand_R.obtou"
"500";499;"Voc_no";"Look_no";"Head_other";"Leg_no";"Hand_L.no";"Hand_R.obtou"
"501";500;"Voc_no";"Look_no";"Head_other";"Leg_no";"Hand_L.no";"Hand_R.obtou"
"502";501;"Voc_speak";"Look_look";"Head_other";"Leg_no";"Hand_L.no";"Hand_R.obtou"
"503";502;"Voc_speak";"Look_look";"Head_other";"Leg_no";"Hand_L.no";"Hand_R.obtou"
"504";503;"Voc_speak";"Look_look";"Head_other";"Leg_no";"Hand_L.no";"Hand_R.obtou"
"505";504;"Voc_no";"Look_look";"Head_other";"Leg_no";"Hand_L.no";"Hand_R.obtou"
"506";505;"Voc_no";"Look_no";"Head_other";"Leg_no";"Hand_L.no";"Hand_R.obtou"
"507";506;"Voc_no";"Look_no";"Head_other";"Leg_no";"Hand_L.no";"Hand_R.obtou"
"508";507;"Voc_no";"Look_look";"Head_other";"Leg_no";"Hand_L.no";"Hand_R.obtou"
"509";508;"Voc_no";"Look_look";"Head_other";"Leg_no";"Hand_L.no";"Hand_R.obtou"
"510";509;"Voc_no";"Look_look";"Head_other";"Leg_no";"Hand_L.botou";"Hand_R.gest"
"511";510;"Voc_no";"Look_look";"Head_other";"Leg_no";"Hand_L.botou";"Hand_R.gest"
"512";511;"Voc_bch";"Look_look";"Head_other";"Leg_move";"Hand_L.botou";"Hand_R.gest"
"513";512;"Voc_bch";"Look_look";"Head_other";"Leg_move";"Hand_L.botou";"Hand_R.gest"
"514";513;"Voc_no";"Look_look";"Head_other";"Leg_move";"Hand_L.botou";"Hand_R.gest"
"515";514;"Voc_no";"Look_look";"Head_no";"Leg_move";"Hand_L.botou";"Hand_R.gest"
"516";515;"Voc_no";"Look_look";"Head_no";"Leg_move";"Hand_L.botou";"Hand_R.gest"
"517";516;"Voc_no";"Look_look";"Head_no";"Leg_move";"Hand_L.gest";"Hand_R.obtou"
"518";517;"Voc_speak";"Look_look";"Head_no";"Leg_move";"Hand_L.gest";"Hand_R.obtou"
"519";518;"Voc_speak";"Look_no";"Head_no";"Leg_move";"Hand_L.gest";"Hand_R.other"
"520";519;"Voc_speak";"Look_look";"Head_no";"Leg_move";"Hand_L.gest";"Hand_R.other"
"521";520;"Voc_speak";"Look_look";"Head_other";"Leg_move";"Hand_L.gest";"Hand_R.gest"
"522";521;"Voc_speak";"Look_look";"Head_other";"Leg_move";"Hand_L.botou";"Hand_R.gest"
"523";522;"Voc_speak";"Look_look";"Head_other";"Leg_move";"Hand_L.botou";"Hand_R.gest"
"524";523;"Voc_speak";"Look_look";"Head_other";"Leg_move";"Hand_L.botou";"Hand_R.gest"
"525";524;"Voc_speak";"Look_look";"Head_other";"Leg_move";"Hand_L.botou";"Hand_R.gest"
"526";525;"Voc_speak";"Look_look";"Head_other";"Leg_no";"Hand_L.botou";"Hand_R.obtou"
"527";526;"Voc_speak";"Look_look";"Head_other";"Leg_no";"Hand_L.botou";"Hand_R.obtou"
"528";527;"Voc_speak";"Look_look";"Head_other";"Leg_move";"Hand_L.botou";"Hand_R.obtou"
"529";528;"Voc_speak";"Look_look";"Head_other";"Leg_move";"Hand_L.botou";"Hand_R.obtou"
"530";529;"Voc_speak";"Look_look";"Head_other";"Leg_move";"Hand_L.botou";"Hand_R.obtou"
"531";530;"Voc_speak";"Look_look";"Head_other";"Leg_move";"Hand_L.botou";"Hand_R.obtou"
"532";531;"Voc_speak";"Look_look";"Head_other";"Leg_move";"Hand_L.botou";"Hand_R.gest"
"533";532;"Voc_speak";"Look_look";"Head_other";"Leg_move";"Hand_L.botou";"Hand_R.gest"
"534";533;"Voc_speak";"Look_look";"Head_other";"Leg_no";"Hand_L.botou";"Hand_R.gest"
"535";534;"Voc_speak";"Look_no";"Head_other";"Leg_no";"Hand_L.botou";"Hand_R.gest"
"536";535;"Voc_speak";"Look_no";"Head_other";"Leg_no";"Hand_L.botou";"Hand_R.obtou"
"537";536;"Voc_speak";"Look_look";"Head_other";"Leg_move";"Hand_L.botou";"Hand_R.obtou"
"538";537;"Voc_no";"Look_look";"Head_no";"Leg_move";"Hand_L.botou";"Hand_R.obtou"
"539";538;"Voc_bch";"Look_look";"Head_nod";"Leg_move";"Hand_L.gest";"Hand_R.obtou"
"540";539;"Voc_bch";"Look_no";"Head_nod";"Leg_move";"Hand_L.gest";"Hand_R.gest"
"541";540;"Voc_bch";"Look_look";"Head_nod";"Leg_move";"Hand_L.botou";"Hand_R.gest"
"542";541;"Voc_no";"Look_look";"Head_no";"Leg_move";"Hand_L.botou";"Hand_R.gest"
"543";542;"Voc_no";"Look_look";"Head_other";"Leg_move";"Hand_L.botou";"Hand_R.gest"
"544";543;"Voc_no";"Look_look";"Head_other";"Leg_move";"Hand_L.botou";"Hand_R.gest"
"545";544;"Voc_bch";"Look_look";"Head_nod";"Leg_move";"Hand_L.botou";"Hand_R.gest"
"546";545;"Voc_bch";"Look_no";"Head_nod";"Leg_no";"Hand_L.botou";"Hand_R.gest"
"547";546;"Voc_speak";"Look_look";"Head_nod";"Leg_no";"Hand_L.botou";"Hand_R.gest"
"548";547;"Voc_speak";"Look_look";"Head_other";"Leg_move";"Hand_L.botou";"Hand_R.gest"
"549";548;"Voc_speak";"Look_look";"Head_other";"Leg_move";"Hand_L.botou";"Hand_R.gest"
"550";549;"Voc_speak";"Look_look";"Head_other";"Leg_move";"Hand_L.botou";"Hand_R.obtou"
"551";550;"Voc_speak";"Look_look";"Head_other";"Leg_move";"Hand_L.no";"Hand_R.obtou"
"552";551;"Voc_speak";"Look_no";"Head_other";"Leg_move";"Hand_L.no";"Hand_R.obtou"
"553";552;"Voc_speak";"Look_no";"Head_other";"Leg_move";"Hand_L.botou";"Hand_R.obtou"
"554";553;"Voc_speak";"Look_no";"Head_other";"Leg_move";"Hand_L.botou";"Hand_R.obtou"
"555";554;"Voc_speak";"Look_no";"Head_other";"Leg_no";"Hand_L.botou";"Hand_R.obtou"
"556";555;"Voc_speak";"Look_no";"Head_other";"Leg_no";"Hand_L.botou";"Hand_R.obtou"
"557";556;"Voc_speak";"Look_no";"Head_other";"Leg_no";"Hand_L.botou";"Hand_R.obtou"
"558";557;"Voc_speak";"Look_no";"Head_other";"Leg_no";"Hand_L.no";"Hand_R.obtou"
"559";558;"Voc_speak";"Look_no";"Head_other";"Leg_no";"Hand_L.no";"Hand_R.obtou"
"560";559;"Voc_speak";"Look_no";"Head_other";"Leg_move";"Hand_L.no";"Hand_R.obtou"
"561";560;"Voc_speak";"Look_no";"Head_other";"Leg_move";"Hand_L.no";"Hand_R.obtou"
"562";561;"Voc_speak";"Look_no";"Head_other";"Leg_move";"Hand_L.other";"Hand_R.obtou"
"563";562;"Voc_speak";"Look_no";"Head_other";"Leg_move";"Hand_L.other";"Hand_R.obtou"
"564";563;"Voc_speak";"Look_no";"Head_other";"Leg_move";"Hand_L.botou";"Hand_R.obtou"
"565";564;"Voc_speak";"Look_no";"Head_other";"Leg_move";"Hand_L.botou";"Hand_R.obtou"
"566";565;"Voc_speak";"Look_no";"Head_other";"Leg_no";"Hand_L.no";"Hand_R.obtou"
"567";566;"Voc_speak";"Look_no";"Head_other";"Leg_no";"Hand_L.no";"Hand_R.obtou"
"568";567;"Voc_speak";"Look_no";"Head_other";"Leg_no";"Hand_L.no";"Hand_R.obtou"
"569";568;"Voc_speak";"Look_no";"Head_other";"Leg_no";"Hand_L.no";"Hand_R.obtou"
"570";569;"Voc_speak";"Look_no";"Head_other";"Leg_no";"Hand_L.no";"Hand_R.obtou"
"571";570;"Voc_speak";"Look_no";"Head_other";"Leg_no";"Hand_L.no";"Hand_R.obtou"
"572";571;"Voc_speak";"Look_look";"Head_other";"Leg_no";"Hand_L.no";"Hand_R.obtou"
"573";572;"Voc_speak";"Look_look";"Head_other";"Leg_no";"Hand_L.no";"Hand_R.obtou"
"574";573;"Voc_speak";"Look_no";"Head_other";"Leg_move";"Hand_L.botou";"Hand_R.gest"
"575";574;"Voc_speak";"Look_no";"Head_other";"Leg_move";"Hand_L.botou";"Hand_R.gest"
"576";575;"Voc_speak";"Look_no";"Head_other";"Leg_move";"Hand_L.other";"Hand_R.gest"
"577";576;"Voc_speak";"Look_no";"Head_other";"Leg_move";"Hand_L.obtou";"Hand_R.botou"
"578";577;"Voc_speak";"Look_no";"Head_other";"Leg_move";"Hand_L.obtou";"Hand_R.botou"
"579";578;"Voc_speak";"Look_no";"Head_other";"Leg_move";"Hand_L.obtou";"Hand_R.botou"
"580";579;"Voc_speak";"Look_no";"Head_other";"Leg_move";"Hand_L.obtou";"Hand_R.botou"
"581";580;"Voc_speak";"Look_no";"Head_other";"Leg_move";"Hand_L.obtou";"Hand_R.botou"
"582";581;"Voc_speak";"Look_no";"Head_other";"Leg_move";"Hand_L.obtou";"Hand_R.botou"
"583";582;"Voc_speak";"Look_no";"Head_other";"Leg_move";"Hand_L.obtou";"Hand_R.botou"
"584";583;"Voc_speak";"Look_no";"Head_other";"Leg_move";"Hand_L.obtou";"Hand_R.botou"
"585";584;"Voc_speak";"Look_no";"Head_other";"Leg_no";"Hand_L.obtou";"Hand_R.botou"
"586";585;"Voc_speak";"Look_no";"Head_other";"Leg_no";"Hand_L.obtou";"Hand_R.botou"
"587";586;"Voc_speak";"Look_no";"Head_other";"Leg_no";"Hand_L.obtou";"Hand_R.botou"
"588";587;"Voc_speak";"Look_look";"Head_other";"Leg_move";"Hand_L.obtou";"Hand_R.botou"
"589";588;"Voc_speak";"Look_look";"Head_other";"Leg_move";"Hand_L.obtou";"Hand_R.botou"
"590";589;"Voc_speak";"Look_look";"Head_other";"Leg_no";"Hand_L.obtou";"Hand_R.botou"
"591";590;"Voc_bch";"Look_look";"Head_nod";"Leg_no";"Hand_L.obtou";"Hand_R.botou"
"592";591;"Voc_speak";"Look_look";"Head_nod";"Leg_move";"Hand_L.obtou";"Hand_R.obtou"
"593";592;"Voc_speak";"Look_look";"Head_nod";"Leg_move";"Hand_L.obtou";"Hand_R.obtou"
"594";593;"Voc_speak";"Look_look";"Head_other";"Leg_move";"Hand_L.obtou";"Hand_R.obtou"
"595";594;"Voc_speak";"Look_look";"Head_other";"Leg_move";"Hand_L.obtou";"Hand_R.obtou"
"596";595;"Voc_speak";"Look_look";"Head_other";"Leg_move";"Hand_L.obtou";"Hand_R.obtou"
"597";596;"Voc_speak";"Look_look";"Head_other";"Leg_move";"Hand_L.obtou";"Hand_R.obtou"
"598";597;"Voc_speak";"Look_look";"Head_other";"Leg_no";"Hand_L.obtou";"Hand_R.obtou"
"599";598;"Voc_speak";"Look_look";"Head_other";"Leg_no";"Hand_L.obtou";"Hand_R.obtou"
"600";599;"Voc_speak";"Look_look";"Head_other";"Leg_move";"Hand_L.obtou";"Hand_R.obtou"
"601";600;"Voc_speak";"Look_look";"Head_other";"Leg_move";"Hand_L.obtou";"Hand_R.obtou"
"602";601;"Voc_no";"Look_look";"Head_other";"Leg_move";"Hand_L.obtou";"Hand_R.obtou"
"603";602;"Voc_no";"Look_look";"Head_no";"Leg_no";"Hand_L.obtou";"Hand_R.obtou"
"604";603;"Voc_no";"Look_look";"Head_no";"Leg_no";"Hand_L.obtou";"Hand_R.obtou"
"605";604;"Voc_no";"Look_look";"Head_no";"Leg_no";"Hand_L.obtou";"Hand_R.obtou"
"606";605;"Voc_bch";"Look_look";"Head_no";"Leg_no";"Hand_L.obtou";"Hand_R.obtou"
"607";606;"Voc_bch";"Look_look";"Head_nod";"Leg_no";"Hand_L.obtou";"Hand_R.obtou"
"608";607;"Voc_bch";"Look_look";"Head_nod";"Leg_no";"Hand_L.obtou";"Hand_R.obtou"
"609";608;"Voc_speak";"Look_look";"Head_nod";"Leg_no";"Hand_L.obtou";"Hand_R.obtou"
"610";609;"Voc_speak";"Look_look";"Head_nod";"Leg_no";"Hand_L.obtou";"Hand_R.obtou"
"611";610;"Voc_speak";"Look_look";"Head_other";"Leg_no";"Hand_L.obtou";"Hand_R.obtou"
"612";611;"Voc_speak";"Look_look";"Head_other";"Leg_no";"Hand_L.obtou";"Hand_R.obtou"
"613";612;"Voc_no";"Look_look";"Head_no";"Leg_no";"Hand_L.obtou";"Hand_R.no"
"614";613;"Voc_bch";"Look_look";"Head_no";"Leg_no";"Hand_L.obtou";"Hand_R.no"
"615";614;"Voc_speak";"Look_look";"Head_no";"Leg_no";"Hand_L.obtou";"Hand_R.obtou"
"616";615;"Voc_speak";"Look_look";"Head_no";"Leg_no";"Hand_L.no";"Hand_R.obtou"
"617";616;"Voc_speak";"Look_look";"Head_shake";"Leg_no";"Hand_L.no";"Hand_R.obtou"
"618";617;"Voc_speak";"Look_look";"Head_shake";"Leg_no";"Hand_L.no";"Hand_R.obtou"
"619";618;"Voc_speak";"Look_look";"Head_other";"Leg_no";"Hand_L.no";"Hand_R.obtou"
"620";619;"Voc_no";"Look_look";"Head_other";"Leg_no";"Hand_L.no";"Hand_R.obtou"
"621";620;"Voc_bch";"Look_look";"Head_other";"Leg_no";"Hand_L.no";"Hand_R.obtou"
"622";621;"Voc_speak";"Look_no";"Head_other";"Leg_no";"Hand_L.no";"Hand_R.obtou"
"623";622;"Voc_speak";"Look_no";"Head_other";"Leg_no";"Hand_L.no";"Hand_R.obtou"
"624";623;"Voc_speak";"Look_no";"Head_other";"Leg_no";"Hand_L.no";"Hand_R.no"
"625";624;"Voc_speak";"Look_no";"Head_other";"Leg_no";"Hand_L.no";"Hand_R.no"
"626";625;"Voc_speak";"Look_look";"Head_other";"Leg_no";"Hand_L.botou";"Hand_R.no"
"627";626;"Voc_speak";"Look_look";"Head_other";"Leg_move";"Hand_L.botou";"Hand_R.no"
"628";627;"Voc_no";"Look_look";"Head_other";"Leg_move";"Hand_L.botou";"Hand_R.no"
"629";628;"Voc_speak";"Look_no";"Head_nod";"Leg_no";"Hand_L.botou";"Hand_R.obtou"
"630";629;"Voc_speak";"Look_look";"Head_nod";"Leg_no";"Hand_L.no";"Hand_R.obtou"
"631";630;"Voc_speak";"Look_look";"Head_other";"Leg_no";"Hand_L.no";"Hand_R.obtou"
"632";631;"Voc_speak";"Look_look";"Head_other";"Leg_no";"Hand_L.no";"Hand_R.obtou"
"633";632;"Voc_no";"Look_look";"Head_other";"Leg_no";"Hand_L.no";"Hand_R.obtou"
"634";633;"Voc_bch";"Look_look";"Head_no";"Leg_no";"Hand_L.no";"Hand_R.obtou"
"635";634;"Voc_bch";"Look_no";"Head_no";"Leg_no";"Hand_L.no";"Hand_R.obtou"
"636";635;"Voc_speak";"Look_no";"Head_no";"Leg_no";"Hand_L.no";"Hand_R.obtou"
"637";636;"Voc_speak";"Look_no";"Head_other";"Leg_move";"Hand_L.no";"Hand_R.obtou"
"638";637;"Voc_speak";"Look_look";"Head_other";"Leg_move";"Hand_L.no";"Hand_R.obtou"
"639";638;"Voc_bch";"Look_look";"Head_other";"Leg_no";"Hand_L.no";"Hand_R.obtou"
"640";639;"Voc_bch";"Look_no";"Head_other";"Leg_no";"Hand_L.other";"Hand_R.obtou"
"641";640;"Voc_no";"Look_no";"Head_nod";"Leg_no";"Hand_L.botou";"Hand_R.obtou"
"642";641;"Voc_no";"Look_no";"Head_nod";"Leg_no";"Hand_L.botou";"Hand_R.gest"
"643";642;"Voc_no";"Look_no";"Head_nod";"Leg_no";"Hand_L.botou";"Hand_R.gest"
"644";643;"Voc_speak";"Look_look";"Head_other";"Leg_no";"Hand_L.botou";"Hand_R.gest"
"645";644;"Voc_speak";"Look_look";"Head_nod";"Leg_no";"Hand_L.botou";"Hand_R.gest"
"646";645;"Voc_speak";"Look_look";"Head_nod";"Leg_no";"Hand_L.botou";"Hand_R.gest"
"647";646;"Voc_no";"Look_look";"Head_no";"Leg_no";"Hand_L.botou";"Hand_R.gest"
"648";647;"Voc_no";"Look_look";"Head_no";"Leg_no";"Hand_L.botou";"Hand_R.gest"
"649";648;"Voc_bch";"Look_look";"Head_nod";"Leg_no";"Hand_L.botou";"Hand_R.gest"
"650";649;"Voc_bch";"Look_look";"Head_nod";"Leg_no";"Hand_L.botou";"Hand_R.gest"
"651";650;"Voc_bch";"Look_look";"Head_nod";"Leg_no";"Hand_L.botou";"Hand_R.gest"
"652";651;"Voc_bch";"Look_look";"Head_nod";"Leg_no";"Hand_L.botou";"Hand_R.gest"
"653";652;"Voc_bch";"Look_look";"Head_nod";"Leg_no";"Hand_L.botou";"Hand_R.gest"
"654";653;"Voc_bch";"Look_look";"Head_nod";"Leg_no";"Hand_L.botou";"Hand_R.gest"
"655";654;"Voc_speak";"Look_look";"Head_nod";"Leg_no";"Hand_L.botou";"Hand_R.gest"
"656";655;"Voc_speak";"Look_no";"Head_other";"Leg_move";"Hand_L.botou";"Hand_R.gest"
"657";656;"Voc_speak";"Look_no";"Head_other";"Leg_move";"Hand_L.botou";"Hand_R.gest"
"658";657;"Voc_speak";"Look_look";"Head_other";"Leg_move";"Hand_L.botou";"Hand_R.gest"
"659";658;"Voc_speak";"Look_look";"Head_other";"Leg_no";"Hand_L.botou";"Hand_R.gest"
"660";659;"Voc_speak";"Look_look";"Head_other";"Leg_no";"Hand_L.gest";"Hand_R.obtou"
"661";660;"Voc_speak";"Look_look";"Head_other";"Leg_no";"Hand_L.gest";"Hand_R.gest"
"662";661;"Voc_speak";"Look_look";"Head_other";"Leg_move";"Hand_L.botou";"Hand_R.gest"
"663";662;"Voc_speak";"Look_look";"Head_other";"Leg_move";"Hand_L.botou";"Hand_R.gest"
"664";663;"Voc_bch";"Look_look";"Head_other";"Leg_move";"Hand_L.botou";"Hand_R.gest"
"665";664;"Voc_bch";"Look_no";"Head_other";"Leg_move";"Hand_L.botou";"Hand_R.gest"
"666";665;"Voc_no";"Look_no";"Head_other";"Leg_move";"Hand_L.botou";"Hand_R.gest"
"667";666;"Voc_no";"Look_no";"Head_other";"Leg_move";"Hand_L.botou";"Hand_R.gest"
"668";667;"Voc_bch";"Look_look";"Head_other";"Leg_move";"Hand_L.botou";"Hand_R.gest"
"669";668;"Voc_bch";"Look_look";"Head_other";"Leg_no";"Hand_L.botou";"Hand_R.gest"
"670";669;"Voc_no";"Look_look";"Head_other";"Leg_no";"Hand_L.botou";"Hand_R.gest"
"671";670;"Voc_no";"Look_look";"Head_other";"Leg_no";"Hand_L.botou";"Hand_R.gest"
"672";671;"Voc_no";"Look_look";"Head_other";"Leg_no";"Hand_L.botou";"Hand_R.gest"
"673";672;"Voc_bch";"Look_look";"Head_other";"Leg_no";"Hand_L.no";"Hand_R.obtou"
"674";673;"Voc_bch";"Look_look";"Head_other";"Leg_no";"Hand_L.no";"Hand_R.obtou"
"675";674;"Voc_no";"Look_look";"Head_no";"Leg_no";"Hand_L.no";"Hand_R.obtou"
"676";675;"Voc_no";"Look_no";"Head_no";"Leg_no";"Hand_L.no";"Hand_R.obtou"
"677";676;"Voc_bch";"Look_look";"Head_no";"Leg_no";"Hand_L.no";"Hand_R.obtou"
"678";677;"Voc_bch";"Look_look";"Head_no";"Leg_no";"Hand_L.no";"Hand_R.obtou"
"679";678;"Voc_no";"Look_look";"Head_no";"Leg_no";"Hand_L.no";"Hand_R.obtou"
"680";679;"Voc_no";"Look_look";"Head_no";"Leg_no";"Hand_L.no";"Hand_R.obtou"
"681";680;"Voc_no";"Look_look";"Head_no";"Leg_no";"Hand_L.no";"Hand_R.obtou"
"682";681;"Voc_no";"Look_no";"Head_no";"Leg_no";"Hand_L.no";"Hand_R.obtou"
"683";682;"Voc_no";"Look_no";"Head_no";"Leg_no";"Hand_L.no";"Hand_R.obtou"
"684";683;"Voc_no";"Look_look";"Head_no";"Leg_no";"Hand_L.no";"Hand_R.obtou"
"685";684;"Voc_no";"Look_look";"Head_other";"Leg_no";"Hand_L.no";"Hand_R.obtou"
"686";685;"Voc_no";"Look_look";"Head_other";"Leg_no";"Hand_L.no";"Hand_R.obtou"
"687";686;"Voc_no";"Look_look";"Head_no";"Leg_no";"Hand_L.no";"Hand_R.obtou"
"688";687;"Voc_bch";"Look_look";"Head_no";"Leg_no";"Hand_L.no";"Hand_R.obtou"
"689";688;"Voc_bch";"Look_look";"Head_no";"Leg_no";"Hand_L.no";"Hand_R.obtou"
"690";689;"Voc_no";"Look_look";"Head_nod";"Leg_no";"Hand_L.no";"Hand_R.obtou"
"691";690;"Voc_no";"Look_no";"Head_nod";"Leg_no";"Hand_L.no";"Hand_R.obtou"
"692";691;"Voc_no";"Look_look";"Head_no";"Leg_no";"Hand_L.no";"Hand_R.obtou"
"693";692;"Voc_no";"Look_look";"Head_nod";"Leg_no";"Hand_L.no";"Hand_R.obtou"
"694";693;"Voc_no";"Look_look";"Head_nod";"Leg_no";"Hand_L.no";"Hand_R.obtou"
"695";694;"Voc_no";"Look_look";"Head_other";"Leg_no";"Hand_L.no";"Hand_R.obtou"
"696";695;"Voc_no";"Look_look";"Head_other";"Leg_no";"Hand_L.no";"Hand_R.obtou"
"697";696;"Voc_no";"Look_look";"Head_other";"Leg_no";"Hand_L.no";"Hand_R.obtou"
"698";697;"Voc_no";"Look_look";"Head_other";"Leg_no";"Hand_L.no";"Hand_R.obtou"
"699";698;"Voc_no";"Look_no";"Head_other";"Leg_no";"Hand_L.no";"Hand_R.obtou"
"700";699;"Voc_no";"Look_look";"Head_nod";"Leg_no";"Hand_L.no";"Hand_R.obtou"
"701";700;"Voc_no";"Look_look";"Head_nod";"Leg_no";"Hand_L.no";"Hand_R.obtou"
"702";701;"Voc_bch";"Look_look";"Head_no";"Leg_no";"Hand_L.no";"Hand_R.obtou"
"703";702;"Voc_bch";"Look_look";"Head_no";"Leg_no";"Hand_L.no";"Hand_R.obtou"
"704";703;"Voc_no";"Look_look";"Head_no";"Leg_no";"Hand_L.no";"Hand_R.obtou"
"705";704;"Voc_speak";"Look_no";"Head_no";"Leg_no";"Hand_L.no";"Hand_R.obtou"
"706";705;"Voc_speak";"Look_no";"Head_no";"Leg_move";"Hand_L.no";"Hand_R.obtou"
"707";706;"Voc_speak";"Look_no";"Head_no";"Leg_move";"Hand_L.no";"Hand_R.obtou"
"708";707;"Voc_speak";"Look_no";"Head_no";"Leg_move";"Hand_L.no";"Hand_R.obtou"
"709";708;"Voc_speak";"Look_no";"Head_other";"Leg_move";"Hand_L.no";"Hand_R.obtou"
"710";709;"Voc_speak";"Look_no";"Head_other";"Leg_move";"Hand_L.no";"Hand_R.obtou"
"711";710;"Voc_speak";"Look_no";"Head_other";"Leg_no";"Hand_L.no";"Hand_R.obtou"
"712";711;"Voc_no";"Look_look";"Head_other";"Leg_no";"Hand_L.no";"Hand_R.obtou"
"713";712;"Voc_no";"Look_look";"Head_no";"Leg_move";"Hand_L.no";"Hand_R.obtou"
"714";713;"Voc_speak";"Look_no";"Head_other";"Leg_move";"Hand_L.no";"Hand_R.obtou"
"715";714;"Voc_speak";"Look_no";"Head_other";"Leg_move";"Hand_L.no";"Hand_R.obtou"
"716";715;"Voc_speak";"Look_no";"Head_other";"Leg_no";"Hand_L.gest";"Hand_R.obtou"
"717";716;"Voc_speak";"Look_no";"Head_other";"Leg_no";"Hand_L.gest";"Hand_R.obtou"
"718";717;"Voc_speak";"Look_no";"Head_other";"Leg_no";"Hand_L.gest";"Hand_R.obtou"
"719";718;"Voc_speak";"Look_no";"Head_other";"Leg_no";"Hand_L.gest";"Hand_R.obtou"
"720";719;"Voc_speak";"Look_no";"Head_other";"Leg_no";"Hand_L.gest";"Hand_R.gest"
"721";720;"Voc_speak";"Look_no";"Head_other";"Leg_no";"Hand_L.gest";"Hand_R.gest"
"722";721;"Voc_speak";"Look_no";"Head_other";"Leg_no";"Hand_L.botou";"Hand_R.gest"
"723";722;"Voc_speak";"Look_no";"Head_other";"Leg_no";"Hand_L.botou";"Hand_R.gest"
"724";723;"Voc_speak";"Look_no";"Head_other";"Leg_no";"Hand_L.botou";"Hand_R.gest"
"725";724;"Voc_speak";"Look_no";"Head_other";"Leg_no";"Hand_L.botou";"Hand_R.gest"
"726";725;"Voc_speak";"Look_no";"Head_other";"Leg_move";"Hand_L.botou";"Hand_R.gest"
"727";726;"Voc_speak";"Look_no";"Head_other";"Leg_move";"Hand_L.gest";"Hand_R.gest"
"728";727;"Voc_speak";"Look_look";"Head_other";"Leg_no";"Hand_L.gest";"Hand_R.other"
"729";728;"Voc_speak";"Look_look";"Head_other";"Leg_move";"Hand_L.gest";"Hand_R.other"
"730";729;"Voc_speak";"Look_look";"Head_other";"Leg_move";"Hand_L.gest";"Hand_R.other"
"731";730;"Voc_speak";"Look_look";"Head_other";"Leg_move";"Hand_L.gest";"Hand_R.other"
"732";731;"Voc_speak";"Look_look";"Head_other";"Leg_move";"Hand_L.gest";"Hand_R.other"
"733";732;"Voc_no";"Look_look";"Head_other";"Leg_move";"Hand_L.gest";"Hand_R.other"
"734";733;"Voc_no";"Look_look";"Head_no";"Leg_move";"Hand_L.gest";"Hand_R.other"
"735";734;"Voc_no";"Look_look";"Head_no";"Leg_move";"Hand_L.gest";"Hand_R.other"
"736";735;"Voc_no";"Look_look";"Head_no";"Leg_no";"Hand_L.gest";"Hand_R.other"
"737";736;"Voc_no";"Look_look";"Head_no";"Leg_no";"Hand_L.gest";"Hand_R.other"
"738";737;"Voc_bch";"Look_look";"Head_nod";"Leg_no";"Hand_L.gest";"Hand_R.other"
"739";738;"Voc_bch";"Look_look";"Head_nod";"Leg_no";"Hand_L.gest";"Hand_R.other"
"740";739;"Voc_speak";"Look_look";"Head_nod";"Leg_move";"Hand_L.gest";"Hand_R.other"
"741";740;"Voc_speak";"Look_look";"Head_other";"Leg_move";"Hand_L.gest";"Hand_R.other"
"742";741;"Voc_no";"Look_look";"Head_other";"Leg_no";"Hand_L.gest";"Hand_R.obtou"
"743";742;"Voc_no";"Look_look";"Head_no";"Leg_no";"Hand_L.no";"Hand_R.obtou"
"744";743;"Voc_no";"Look_look";"Head_no";"Leg_no";"Hand_L.no";"Hand_R.obtou"
"745";744;"Voc_no";"Look_look";"Head_no";"Leg_no";"Hand_L.no";"Hand_R.obtou"
"746";745;"Voc_no";"Look_look";"Head_no";"Leg_no";"Hand_L.no";"Hand_R.obtou"
"747";746;"Voc_no";"Look_look";"Head_no";"Leg_no";"Hand_L.no";"Hand_R.obtou"
"748";747;"Voc_bch";"Look_look";"Head_nod";"Leg_no";"Hand_L.no";"Hand_R.obtou"
"749";748;"Voc_bch";"Look_look";"Head_nod";"Leg_no";"Hand_L.no";"Hand_R.obtou"
"750";749;"Voc_no";"Look_no";"Head_nod";"Leg_no";"Hand_L.botou";"Hand_R.gest"
"751";750;"Voc_no";"Look_no";"Head_no";"Leg_no";"Hand_L.botou";"Hand_R.gest"
"752";751;"Voc_no";"Look_look";"Head_other";"Leg_move";"Hand_L.botou";"Hand_R.gest"
"753";752;"Voc_no";"Look_look";"Head_other";"Leg_move";"Hand_L.botou";"Hand_R.gest"
"754";753;"Voc_no";"Look_look";"Head_other";"Leg_move";"Hand_L.botou";"Hand_R.gest"
"755";754;"Voc_bch";"Look_look";"Head_no";"Leg_no";"Hand_L.botou";"Hand_R.gest"
"756";755;"Voc_bch";"Look_look";"Head_no";"Leg_move";"Hand_L.botou";"Hand_R.gest"
"757";756;"Voc_speak";"Look_look";"Head_no";"Leg_move";"Hand_L.botou";"Hand_R.gest"
"758";757;"Voc_speak";"Look_look";"Head_other";"Leg_move";"Hand_L.botou";"Hand_R.gest"
"759";758;"Voc_speak";"Look_no";"Head_other";"Leg_move";"Hand_L.botou";"Hand_R.gest"
"760";759;"Voc_speak";"Look_no";"Head_other";"Leg_move";"Hand_L.botou";"Hand_R.gest"
"761";760;"Voc_speak";"Look_no";"Head_other";"Leg_move";"Hand_L.gest";"Hand_R.gest"
"762";761;"Voc_speak";"Look_no";"Head_other";"Leg_move";"Hand_L.gest";"Hand_R.other"
"763";762;"Voc_speak";"Look_no";"Head_other";"Leg_move";"Hand_L.gest";"Hand_R.other"
"764";763;"Voc_no";"Look_no";"Head_no";"Leg_move";"Hand_L.gest";"Hand_R.other"
"765";764;"Voc_no";"Look_no";"Head_no";"Leg_move";"Hand_L.gest";"Hand_R.other"
"766";765;"Voc_no";"Look_no";"Head_no";"Leg_no";"Hand_L.gest";"Hand_R.other"
"767";766;"Voc_no";"Look_no";"Head_no";"Leg_no";"Hand_L.gest";"Hand_R.obtou"
"768";767;"Voc_no";"Look_look";"Head_no";"Leg_no";"Hand_L.no";"Hand_R.obtou"
"769";768;"Voc_no";"Look_look";"Head_no";"Leg_no";"Hand_L.no";"Hand_R.obtou"
"770";769;"Voc_no";"Look_look";"Head_no";"Leg_no";"Hand_L.no";"Hand_R.obtou"
"771";770;"Voc_no";"Look_look";"Head_no";"Leg_no";"Hand_L.no";"Hand_R.obtou"
"772";771;"Voc_no";"Look_look";"Head_other";"Leg_no";"Hand_L.no";"Hand_R.obtou"
"773";772;"Voc_no";"Look_look";"Head_other";"Leg_no";"Hand_L.no";"Hand_R.obtou"
"774";773;"Voc_no";"Look_look";"Head_other";"Leg_no";"Hand_L.no";"Hand_R.obtou"
"775";774;"Voc_no";"Look_look";"Head_other";"Leg_no";"Hand_L.no";"Hand_R.obtou"
"776";775;"Voc_no";"Look_look";"Head_no";"Leg_no";"Hand_L.no";"Hand_R.obtou"
"777";776;"Voc_no";"Look_look";"Head_no";"Leg_no";"Hand_L.no";"Hand_R.obtou"
"778";777;"Voc_no";"Look_look";"Head_no";"Leg_no";"Hand_L.no";"Hand_R.obtou"
"779";778;"Voc_bch";"Look_look";"Head_no";"Leg_no";"Hand_L.no";"Hand_R.obtou"
"780";779;"Voc_bch";"Look_look";"Head_no";"Leg_no";"Hand_L.no";"Hand_R.obtou"
"781";780;"Voc_no";"Look_look";"Head_other";"Leg_no";"Hand_L.no";"Hand_R.obtou"
"782";781;"Voc_no";"Look_look";"Head_other";"Leg_no";"Hand_L.no";"Hand_R.obtou"
"783";782;"Voc_speak";"Look_no";"Head_other";"Leg_no";"Hand_L.no";"Hand_R.obtou"
"784";783;"Voc_speak";"Look_no";"Head_other";"Leg_no";"Hand_L.no";"Hand_R.obtou"
"785";784;"Voc_speak";"Look_no";"Head_other";"Leg_move";"Hand_L.no";"Hand_R.obtou"
"786";785;"Voc_speak";"Look_no";"Head_other";"Leg_move";"Hand_L.no";"Hand_R.obtou"
"787";786;"Voc_speak";"Look_look";"Head_other";"Leg_no";"Hand_L.no";"Hand_R.obtou"
"788";787;"Voc_speak";"Look_look";"Head_other";"Leg_no";"Hand_L.no";"Hand_R.obtou"
"789";788;"Voc_speak";"Look_no";"Head_other";"Leg_no";"Hand_L.no";"Hand_R.obtou"
"790";789;"Voc_no";"Look_look";"Head_other";"Leg_no";"Hand_L.no";"Hand_R.obtou"
"791";790;"Voc_speak";"Look_look";"Head_other";"Leg_no";"Hand_L.no";"Hand_R.obtou"
"792";791;"Voc_speak";"Look_look";"Head_nod";"Leg_no";"Hand_L.no";"Hand_R.obtou"
"793";792;"Voc_bch";"Look_no";"Head_nod";"Leg_no";"Hand_L.no";"Hand_R.obtou"
"794";793;"Voc_bch";"Look_no";"Head_no";"Leg_no";"Hand_L.no";"Hand_R.obtou"
"795";794;"Voc_no";"Look_no";"Head_no";"Leg_no";"Hand_L.no";"Hand_R.obtou"
"796";795;"Voc_no";"Look_look";"Head_no";"Leg_no";"Hand_L.no";"Hand_R.obtou"
"797";796;"Voc_no";"Look_look";"Head_other";"Leg_no";"Hand_L.no";"Hand_R.obtou"
"798";797;"Voc_no";"Look_look";"Head_other";"Leg_no";"Hand_L.no";"Hand_R.obtou"
"799";798;"Voc_bch";"Look_look";"Head_nod";"Leg_no";"Hand_L.no";"Hand_R.obtou"
"800";799;"Voc_bch";"Look_no";"Head_nod";"Leg_no";"Hand_L.no";"Hand_R.obtou"
"801";800;"Voc_bch";"Look_no";"Head_nod";"Leg_no";"Hand_L.no";"Hand_R.obtou"
"802";801;"Voc_speak";"Look_look";"Head_no";"Leg_no";"Hand_L.no";"Hand_R.obtou"
"803";802;"Voc_speak";"Look_look";"Head_other";"Leg_no";"Hand_L.no";"Hand_R.obtou"
"804";803;"Voc_speak";"Look_look";"Head_other";"Leg_no";"Hand_L.no";"Hand_R.obtou"
"805";804;"Voc_no";"Look_look";"Head_other";"Leg_no";"Hand_L.no";"Hand_R.obtou"
"806";805;"Voc_no";"Look_look";"Head_other";"Leg_no";"Hand_L.no";"Hand_R.obtou"
"807";806;"Voc_no";"Look_look";"Head_other";"Leg_no";"Hand_L.no";"Hand_R.obtou"
"808";807;"Voc_no";"Look_look";"Head_other";"Leg_no";"Hand_L.no";"Hand_R.obtou"
"809";808;"Voc_no";"Look_no";"Head_other";"Leg_no";"Hand_L.no";"Hand_R.obtou"
"810";809;"Voc_no";"Look_look";"Head_other";"Leg_no";"Hand_L.no";"Hand_R.obtou"
"811";810;"Voc_no";"Look_look";"Head_other";"Leg_no";"Hand_L.no";"Hand_R.obtou"
"812";811;"Voc_bch";"Look_look";"Head_other";"Leg_no";"Hand_L.no";"Hand_R.obtou"
"813";812;"Voc_bch";"Look_look";"Head_other";"Leg_no";"Hand_L.no";"Hand_R.obtou"
"814";813;"Voc_no";"Look_look";"Head_other";"Leg_no";"Hand_L.no";"Hand_R.obtou"
"815";814;"Voc_speak";"Look_no";"Head_other";"Leg_move";"Hand_L.no";"Hand_R.obtou"
"816";815;"Voc_speak";"Look_no";"Head_other";"Leg_move";"Hand_L.no";"Hand_R.obtou"
"817";816;"Voc_speak";"Look_no";"Head_other";"Leg_no";"Hand_L.gest";"Hand_R.gest"
"818";817;"Voc_speak";"Look_look";"Head_other";"Leg_no";"Hand_L.gest";"Hand_R.gest"
"819";818;"Voc_speak";"Look_look";"Head_other";"Leg_no";"Hand_L.gest";"Hand_R.other"
"820";819;"Voc_speak";"Look_no";"Head_other";"Leg_move";"Hand_L.gest";"Hand_R.other"
"821";820;"Voc_speak";"Look_no";"Head_other";"Leg_move";"Hand_L.gest";"Hand_R.gest"
"822";821;"Voc_speak";"Look_no";"Head_other";"Leg_no";"Hand_L.botou";"Hand_R.gest"
"823";822;"Voc_no";"Look_look";"Head_other";"Leg_no";"Hand_L.botou";"Hand_R.gest"
"824";823;"Voc_no";"Look_look";"Head_no";"Leg_no";"Hand_L.botou";"Hand_R.gest"
"825";824;"Voc_bch";"Look_look";"Head_no";"Leg_no";"Hand_L.botou";"Hand_R.gest"
"826";825;"Voc_bch";"Look_no";"Head_no";"Leg_no";"Hand_L.botou";"Hand_R.gest"
"827";826;"Voc_bch";"Look_no";"Head_nod";"Leg_no";"Hand_L.no";"Hand_R.obtou"
"828";827;"Voc_no";"Look_look";"Head_nod";"Leg_move";"Hand_L.no";"Hand_R.obtou"
"829";828;"Voc_no";"Look_look";"Head_nod";"Leg_move";"Hand_L.no";"Hand_R.obtou"
"830";829;"Voc_bch";"Look_look";"Head_shake";"Leg_move";"Hand_L.no";"Hand_R.obtou"
"831";830;"Voc_bch";"Look_look";"Head_shake";"Leg_move";"Hand_L.no";"Hand_R.obtou"
"832";831;"Voc_no";"Look_look";"Head_shake";"Leg_move";"Hand_L.no";"Hand_R.obtou"
"833";832;"Voc_no";"Look_look";"Head_other";"Leg_move";"Hand_L.no";"Hand_R.obtou"
"834";833;"Voc_no";"Look_look";"Head_other";"Leg_no";"Hand_L.no";"Hand_R.obtou"
"835";834;"Voc_no";"Look_no";"Head_other";"Leg_no";"Hand_L.no";"Hand_R.obtou"
"836";835;"Voc_no";"Look_look";"Head_other";"Leg_no";"Hand_L.no";"Hand_R.obtou"
"837";836;"Voc_no";"Look_look";"Head_no";"Leg_no";"Hand_L.no";"Hand_R.obtou"
"838";837;"Voc_no";"Look_look";"Head_no";"Leg_move";"Hand_L.no";"Hand_R.obtou"
"839";838;"Voc_speak";"Look_no";"Head_other";"Leg_move";"Hand_L.gest";"Hand_R.obtou"
"840";839;"Voc_speak";"Look_no";"Head_other";"Leg_move";"Hand_L.gest";"Hand_R.gest"
"841";840;"Voc_speak";"Look_no";"Head_other";"Leg_move";"Hand_L.botou";"Hand_R.gest"
"842";841;"Voc_speak";"Look_look";"Head_other";"Leg_no";"Hand_L.botou";"Hand_R.gest"
"843";842;"Voc_speak";"Look_look";"Head_other";"Leg_no";"Hand_L.botou";"Hand_R.gest"
"844";843;"Voc_no";"Look_look";"Head_other";"Leg_no";"Hand_L.botou";"Hand_R.gest"
"845";844;"Voc_no";"Look_look";"Head_other";"Leg_no";"Hand_L.botou";"Hand_R.gest"
"846";845;"Voc_no";"Look_look";"Head_other";"Leg_no";"Hand_L.botou";"Hand_R.gest"
"847";846;"Voc_no";"Look_look";"Head_other";"Leg_no";"Hand_L.botou";"Hand_R.gest"
"848";847;"Voc_no";"Look_look";"Head_other";"Leg_move";"Hand_L.botou";"Hand_R.gest"
"849";848;"Voc_no";"Look_look";"Head_nod";"Leg_move";"Hand_L.botou";"Hand_R.gest"
"850";849;"Voc_no";"Look_look";"Head_nod";"Leg_move";"Hand_L.botou";"Hand_R.gest"
"851";850;"Voc_no";"Look_look";"Head_nod";"Leg_no";"Hand_L.botou";"Hand_R.gest"
"852";851;"Voc_no";"Look_look";"Head_other";"Leg_no";"Hand_L.no";"Hand_R.obtou"
"853";852;"Voc_no";"Look_no";"Head_other";"Leg_no";"Hand_L.no";"Hand_R.obtou"
"854";853;"Voc_no";"Look_no";"Head_other";"Leg_no";"Hand_L.no";"Hand_R.obtou"
"855";854;"Voc_speak";"Look_no";"Head_no";"Leg_no";"Hand_L.no";"Hand_R.obtou"
"856";855;"Voc_speak";"Look_no";"Head_no";"Leg_no";"Hand_L.no";"Hand_R.obtou"
"857";856;"Voc_speak";"Look_no";"Head_no";"Leg_no";"Hand_L.no";"Hand_R.obtou"
"858";857;"Voc_no";"Look_no";"Head_no";"Leg_no";"Hand_L.no";"Hand_R.obtou"
"859";858;"Voc_no";"Look_look";"Head_no";"Leg_no";"Hand_L.no";"Hand_R.obtou"
"860";859;"Voc_no";"Look_look";"Head_no";"Leg_no";"Hand_L.no";"Hand_R.obtou"
"861";860;"Voc_no";"Look_look";"Head_no";"Leg_move";"Hand_L.no";"Hand_R.obtou"
"862";861;"Voc_no";"Look_look";"Head_no";"Leg_move";"Hand_L.no";"Hand_R.obtou"
"863";862;"Voc_no";"Look_look";"Head_no";"Leg_move";"Hand_L.no";"Hand_R.obtou"
"864";863;"Voc_no";"Look_look";"Head_no";"Leg_move";"Hand_L.no";"Hand_R.obtou"
"865";864;"Voc_no";"Look_look";"Head_no";"Leg_move";"Hand_L.no";"Hand_R.obtou"
"866";865;"Voc_no";"Look_look";"Head_no";"Leg_move";"Hand_L.no";"Hand_R.obtou"
"867";866;"Voc_no";"Look_look";"Head_no";"Leg_move";"Hand_L.no";"Hand_R.obtou"
"868";867;"Voc_no";"Look_look";"Head_no";"Leg_move";"Hand_L.no";"Hand_R.obtou"
"869";868;"Voc_no";"Look_look";"Head_no";"Leg_move";"Hand_L.no";"Hand_R.obtou"
"870";869;"Voc_no";"Look_look";"Head_no";"Leg_no";"Hand_L.no";"Hand_R.obtou"
"871";870;"Voc_no";"Look_look";"Head_no";"Leg_no";"Hand_L.no";"Hand_R.obtou"
"872";871;"Voc_bch";"Look_look";"Head_no";"Leg_no";"Hand_L.no";"Hand_R.obtou"
"873";872;"Voc_bch";"Look_look";"Head_nod";"Leg_no";"Hand_L.no";"Hand_R.obtou"
"874";873;"Voc_bch";"Look_look";"Head_nod";"Leg_no";"Hand_L.no";"Hand_R.obtou"
"875";874;"Voc_no";"Look_no";"Head_other";"Leg_no";"Hand_L.botou";"Hand_R.gest"
"876";875;"Voc_speak";"Look_no";"Head_other";"Leg_no";"Hand_L.botou";"Hand_R.gest"
"877";876;"Voc_speak";"Look_no";"Head_other";"Leg_move";"Hand_L.obtou";"Hand_R.botou"
"878";877;"Voc_speak";"Look_no";"Head_other";"Leg_move";"Hand_L.obtou";"Hand_R.botou"
"879";878;"Voc_speak";"Look_no";"Head_other";"Leg_move";"Hand_L.botou";"Hand_R.gest"
"880";879;"Voc_no";"Look_no";"Head_other";"Leg_move";"Hand_L.botou";"Hand_R.gest"
"881";880;"Voc_bch";"Look_no";"Head_other";"Leg_move";"Hand_L.botou";"Hand_R.gest"
"882";881;"Voc_bch";"Look_no";"Head_other";"Leg_no";"Hand_L.botou";"Hand_R.gest"
"883";882;"Voc_no";"Look_no";"Head_other";"Leg_no";"Hand_L.botou";"Hand_R.gest"
"884";883;"Voc_no";"Look_no";"Head_other";"Leg_no";"Hand_L.obtou";"Hand_R.botou"
"885";884;"Voc_speak";"Look_no";"Head_other";"Leg_no";"Hand_L.obtou";"Hand_R.botou"
"886";885;"Voc_speak";"Look_no";"Head_other";"Leg_no";"Hand_L.obtou";"Hand_R.botou"
"887";886;"Voc_speak";"Look_no";"Head_other";"Leg_no";"Hand_L.obtou";"Hand_R.botou"
"888";887;"Voc_no";"Look_no";"Head_other";"Leg_no";"Hand_L.obtou";"Hand_R.botou"
"889";888;"Voc_no";"Look_no";"Head_other";"Leg_no";"Hand_L.obtou";"Hand_R.botou"
"890";889;"Voc_no";"Look_no";"Head_other";"Leg_no";"Hand_L.obtou";"Hand_R.botou"
"891";890;"Voc_no";"Look_no";"Head_other";"Leg_no";"Hand_L.obtou";"Hand_R.botou"
"892";891;"Voc_no";"Look_no";"Head_other";"Leg_no";"Hand_L.obtou";"Hand_R.botou"
"893";892;"Voc_no";"Look_no";"Head_other";"Leg_no";"Hand_L.obtou";"Hand_R.botou"
"894";893;"Voc_bch";"Look_no";"Head_other";"Leg_no";"Hand_L.obtou";"Hand_R.botou"
"895";894;"Voc_bch";"Look_no";"Head_other";"Leg_no";"Hand_L.obtou";"Hand_R.botou"
"896";895;"Voc_no";"Look_no";"Head_other";"Leg_no";"Hand_L.obtou";"Hand_R.botou"
"897";896;"Voc_no";"Look_no";"Head_other";"Leg_no";"Hand_L.obtou";"Hand_R.botou"
"898";897;"Voc_no";"Look_no";"Head_other";"Leg_no";"Hand_L.obtou";"Hand_R.botou"
"899";898;"Voc_no";"Look_no";"Head_other";"Leg_no";"Hand_L.obtou";"Hand_R.botou"
"900";899;"Voc_no";"Look_no";"Head_no";"Leg_no";"Hand_L.obtou";"Hand_R.botou"
